Workbook

Sheet info
B2: version | C2: 1.3.1
B3: notice | C3: 이제는 직접민주주의로 참여하는 시대입니다. 다양한 방법으로 지역구 의원이 무슨일을 하는지 확인하고 잘하면 칭찬하고 못하면 비판하며 때로는 토론도 해보세요.
B4: notice_date | C4: 03/27/21
B5: patch | C5: 1. 의원직 변경 적용

Sheet congressman
B2: no | C2: name | D2: title | E2: group | F2: field | G2: mobile | H2: office_asm | I2: office_area | J2: email | K2: twitter | L2: facebook | M2: kakao | N2: instagram | O2: youtube | P2: web | Q2: blog | R2: cafe | S2: cyworld | T2: assembly | U2: assembly_no | V2: sponsor
A3: * | B3: 1 | C3: 강병원 | D3: 국회의원 | E3: =groups!$B$3 -> 1 | F3: 서울 은평 을 | H3: 02-784-1422 | J3: kangbw89@gmail.com | K3: kbw89 | L3: 100001968500108 | O3: https://www.youtube.com/channel/UCRqhzBrMh6LIn9-LIbFLMEw | P3: http://blog.naver.com/kangbw89 | T3: 9770933 | U3: 2888 | V3: 201700001 | W3: =CONCAT(CONCAT("https://assembly.go.kr/photo/", T3), ".jpg") -> https://assembly.go.kr/photo/9770933.jpg
A4: * | B4: 2 | C4: 강선우 | D4: 국회의원 | E4: =groups!$B$3 -> 1 | F4: 서울 강서 갑 | H4: 02-6788-6031,02-6788-6032,02-6788-6033,02-6788-6034 | J4: gangseo.kap@gmail.com | L4: 100023491010959 | P4: http://blog.naver.com/gangseo-kap | T4: 9771116 | U4: 155 | V4: 201700002 | W4: =CONCAT(CONCAT("https://assembly.go.kr/photo/", T4), ".jpg") -> https://assembly.go.kr/photo/9771116.jpg
A5: * | B5: 3 | C5: 강훈식 | D5: 국회의원 | E5: =groups!$B$3 -> 1 | F5: 충남 아산 을 | H5: 02-784-1045 | J5: gohoonsik@gmail.com | L5: 100008672748962 | N5: gohoonsik | O5: https://www.youtube.com/watch?v=DXKNIADDQ8E | P5: http://blog.naver.com/kanghunsik | T5: 9771007 | U5: 2853 | V5: 201700003 | W5: =CONCAT(CONCAT("https://assembly.go.kr/photo/", T5), ".jpg") -> https://assembly.go.kr/photo/9771007.jpg
A6: * | B6: 4 | C6: 고용진 | D6: 국회의원 | E6: =groups!$B$3 -> 1 | F6: 서울 노원 갑 | H6: 02-784-4840 | I6: 02-941-0413 | J6: gogoyongjin@naver.com | K6: yongjin_koh | L6: 100002728329388 | O6: https://www.youtube.com/watch?v=7qTR-KKkh4U | P6: http://blog.naver.com/kohyj64 | T6: 9770931 | U6: 2951 | V6: 201700004 | W6: =CONCAT(CONCAT("https://assembly.go.kr/photo/", T6), ".jpg") -> https://assembly.go.kr/photo/9770931.jpg
A7: * | B7: 5 | C7: 강득구 | D7: 국회의원 | E7: =groups!$B$3 -> 1 | F7: 경기 안양 만안 | H7: 02-784-7727 | K7: https://mobile.twitter.com/deukgu_kang | L7: 100006255608922 | N7: https://www.instagram.com/deukgu_kang/ | O7: https://www.youtube.com/channel/UCWPYeOndgzUJ2atd1NwpBTw | Q7: https://blog.naver.com/dulipapa | T7: 9771174 | U7: 2845 | V7: 201700005 | W7: =CONCAT(CONCAT("https://assembly.go.kr/photo/", T7), ".jpg") -> https://assembly.go.kr/photo/9771174.jpg
A8: * | B8: 6 | C8: 권칠승 | D8: 국회의원 | E8: =groups!$B$3 -> 1 | F8: 경기 화성 병 | H8: 02-784-1250 | I8: 031-222-0110 | K8: k7win_ | L8: 100011077455328 | N8: chil_seung | O8: https://www.youtube.com/watch?v=Nz5cDRZ4EBA | P8: http://blog.naver.com/k7wins | T8: 9770998 | U8: 2841 | V8: 201700006 | W8: =CONCAT(CONCAT("https://assembly.go.kr/photo/", T8), ".jpg") -> https://assembly.go.kr/photo/9770998.jpg
A9: * | B9: 7 | C9: 강준현 | D9: 국회의원 | E9: =groups!$B$3 -> 1 | F9: 세종 을 | H9: 02-784-6950 | J9: jhkang315@gmail.com | L9: 100001832977624 | P9: https://blog.naver.com/withusone2020 | T9: 9771168 | U9: 2849 | V9: 201700007 | W9: =CONCAT(CONCAT("https://assembly.go.kr/photo/", T9), ".jpg") -> https://assembly.go.kr/photo/9771168.jpg
A10: * | B10: 8 | C10: 기동민 | D10: 국회의원 | E10: =groups!$B$3 -> 1 | F10: 서울 성북 을 | H10: 02-784-3181 | L10: 100001422477735 | O10: https://www.youtube.com/watch?v=Cjm7G1RFCkI | P10: http://blog.naver.com/gidongmin | T10: 9770927 | U10: 2967 | V10: 201700008 | W10: =CONCAT(CONCAT("https://assembly.go.kr/photo/", T10), ".jpg") -> https://assembly.go.kr/photo/9770927.jpg
A11: * | B11: 10 | C11: 김경협 | D11: 국회의원 | E11: =groups!$B$3 -> 1 | F11: 경기 부천 원미 갑 | H11: 02-784-1190 | I11: 032-666-0520 | J11: ggh000@naver.com | K11: kimghkr | L11: 100000942849824 | O11: https://www.youtube.com/channel/UCcheolAyghSDXGsilCbg3WA | P11: http://www.kimgh.com | Q11: http://blog.naver.com/ggh000/ | T11: 9770712 | U11: 2606 | V11: 201700010 | W11: =CONCAT(CONCAT("https://assembly.go.kr/photo/", T11), ".jpg") -> https://assembly.go.kr/photo/9770712.jpg
A12: * | B12: 11 | C12: 김두관 | D12: 국회의원 | E12: =groups!$B$3 -> 1 | F12: 경기 김포 갑 | H12: 02-784-2566 | I12: 031-997-6840 | K12: dookwan | L12: 181899161847606 | O12: https://www.youtube.com/watch?v=a3SrEeUxPj0 | P12: http://okdk.kr/ | Q12: http://blog.naver.com/kikdok | T12: 9770997 | U12: 2836 | V12: 201700011 | W12: =CONCAT(CONCAT("https://assembly.go.kr/photo/", T12), ".jpg") -> https://assembly.go.kr/photo/9770997.jpg
A13: * | B13: 12 | C13: 김민기 | D13: 국회의원 | E13: =groups!$B$3 -> 1 | F13: 경기 용인 을 | H13: 02-784-1930 | I13: 031-282-9940 | J13: kimminki@assembly.go.kr | K13: kimminki84 | L13: 100001360593401 | O13: https://youtu.be/wI9fxU3_vPQ | P13: http://www.kimminki.co.kr/ | Q13: http://blog.naver.com/kminki84 | T13: 9770723 | U13: 2576 | V13: 201700012 | W13: =CONCAT(CONCAT("https://assembly.go.kr/photo/", T13), ".jpg") -> https://assembly.go.kr/photo/9770723.jpg
A14: * | B14: 13 | C14: 고민정 | D14: 국회의원 | E14: =groups!$B$3 -> 1 | F14: 서울 광진 을 | L14: 100002798435881 | O14: https://www.youtube.com/channel/UC2Lx2_u4JixQ2WFnWQfIbEQ | T14: 9771109 | U14: 2858 | V14: 201700013 | W14: =CONCAT(CONCAT("https://assembly.go.kr/photo/", T14), ".jpg") -> https://assembly.go.kr/photo/9771109.jpg
A15: * | B15: 14 | C15: 김병기 | D15: 국회의원 | E15: =groups!$B$3 -> 1 | F15: 서울 동작 갑 | H15: 02-784-1322 | K15: thekimweapon | L15: 100011526436490 | N15: the.kim.weapon | O15: https://www.youtube.com/watch?v=Y6d4rRb7i4A | P15: http://kimbyungkee.kr/ | T15: 9770941 | U15: 2898 | V15: 201700014 | W15: =CONCAT(CONCAT("https://assembly.go.kr/photo/", T15), ".jpg") -> https://assembly.go.kr/photo/9770941.jpg
A16: * | B16: 15 | C16: 김병욱 | D16: 국회의원 | E16: =groups!$B$3 -> 1 | F16: 경기 성남 분당 을 | H16: 02-784-3670~2 | K16: 777byung1 | L16: 100001463493979 | N16: 777byung | O16: https://www.youtube.com/channel/UCkKmE-matF_3iwaw-Q7BjZA | P16: http://blog.naver.com/777byung | T16: 9770984 | U16: 2928 | V16: 201700015 | W16: =CONCAT(CONCAT("https://assembly.go.kr/photo/", T16), ".jpg") -> https://assembly.go.kr/photo/9770984.jpg
A17: * | B17: 16 | C17: 고영인 | D17: 국회의원 | E17: =groups!$B$3 -> 1 | F17: 경기 안산 단원 갑 | L17: 100000163239885 | T17: 9771180 | U17: 305 | V17: 201700016 | W17: =CONCAT(CONCAT("https://assembly.go.kr/photo/", T17), ".jpg") -> https://assembly.go.kr/photo/9771180.jpg
A18: * | B18: 17 | C18: 김상희 | D18: 국회의원 | E18: =groups!$B$3 -> 1 | F18: 경기 부천 소사 | H18: 02-784-4173 | J18: shk@assembly.go.kr | K18: sosakim | L18: 100002181912858 | O18: https://www.youtube.com/watch?v=ibAHWTVvzl4 | P18: http://www.cleankim.kr/ | Q18: http://blog.naver.com/shk407 | T18: 9770527 | U18: 2760 | V18: 201700017 | W18: =CONCAT(CONCAT("https://assembly.go.kr/photo/", T18), ".jpg") -> https://assembly.go.kr/photo/9770527.jpg
A19: * | B19: 18 | C19: 권인숙 | D19: 국회의원 | E19: =groups!$B$3 -> 1 | F19: 비례대표 | L19: 520949508 | T19: 9771259 | U19: 2871 | V19: 201700018 | W19: =CONCAT(CONCAT("https://assembly.go.kr/photo/", T19), ".jpg") -> https://assembly.go.kr/photo/9771259.jpg
A20: * | B20: 19 | C20: 김영주 | D20: 국회의원 | E20: =groups!$B$3 -> 1 | F20: 서울 영등포 갑 | H20: 02-784-2470 | I20: 02-2672-6712 | J20: joojoo2012@naver.com | K20: yjkim550727 | L20: 100001441525499 | O20: https://www.youtube.com/watch?v=aqfRVFnvWpo | P20: http://www.youngjoo.kr | T20: 9770975 | U20: 145 | V20: 201700019 | W20: =CONCAT(CONCAT("https://assembly.go.kr/photo/", T20), ".jpg") -> https://assembly.go.kr/photo/9770975.jpg
A21: * | B21: 20 | C21: 김영진 | D21: 국회의원 | E21: =groups!$B$3 -> 1 | F21: 경기 수원 병 | H21: 02-784-8410 | K21: minjoop | L21: 100001777896522 | M21: _anxcqd | O21: https://www.youtube.com/channel/UC6Bxiwajm3Fa4gdYTB2kB3g | P21: https://blog.naver.com/ersd34 | T21: 9770981 | U21: 2970 | V21: 201700020 | W21: =CONCAT(CONCAT("https://assembly.go.kr/photo/", T21), ".jpg") -> https://assembly.go.kr/photo/9770981.jpg
A22: * | B22: 21 | C22: 김경만 | D22: 국회의원 | E22: =groups!$B$3 -> 1 | F22: 비례대표 | H22: 02-784-9820 | J22: 2020kkman@gmail.com | L22: 100049429267021 | P22: http://blog.naver.com/2020kkman | T22: 9771258 | U22: 222 | V22: 201700021 | W22: =CONCAT(CONCAT("https://assembly.go.kr/photo/", T22), ".jpg") -> https://assembly.go.kr/photo/9771258.jpg
A23: * | B23: 22 | C23: 김영호 | D23: 국회의원 | E23: =groups!$B$3 -> 1 | F23: 서울 서대문 을 | H23: 02-784-4020~2 | J23: kim-youngho@naver.com | K23: minjoo05 | L23: 100002182712870 | N23: minjoo_kimyoungho | O23: https://www.youtube.com/channel/UCQqH7k22MywV8dmbS5MJAAQ | P23: https://blog.naver.com/frencisco | T23: 9770934 | U23: 2863 | V23: 201700022 | W23: =CONCAT(CONCAT("https://assembly.go.kr/photo/", T23), ".jpg") -> https://assembly.go.kr/photo/9770934.jpg
A24: * | B24: 23 | C24: 김교흥 | D24: 국회의원 | E24: =groups!$B$3 -> 1 | F24: 인천 서 갑 | L24: 100000646145534 | T24: 9771152 | U24: 2864 | V24: 201700023 | W24: =CONCAT(CONCAT("https://assembly.go.kr/photo/", T24), ".jpg") -> https://assembly.go.kr/photo/9771152.jpg
A25: * | B25: 24 | C25: 김종민 | D25: 국회의원 | E25: =groups!$B$3 -> 1 | F25: 충남 논산·계룡·금산 | H25: 02-784-5920 | K25: socmind | L25: 100001746723623 | O25: https://www.youtube.com/watch?v=MYS_8J8om5E | P25: https://blog.naver.com/socmind | T25: 9771009 | U25: 2833 | V25: 201700024 | W25: =CONCAT(CONCAT("https://assembly.go.kr/photo/", T25), ".jpg") -> https://assembly.go.kr/photo/9771009.jpg
A26: * | B26: 25 | C26: 김진표 | D26: 국회의원 | E26: =groups!$B$3 -> 1 | F26: 경기 수원 무 | H26: 02-784-3807 | K26: jinpyokim | L26: 100010889073617 | O26: https://www.youtube.com/user/jinpyotv | P26: http://blog.naver.com/jinpyo311 | T26: 9770982 | U26: 2775 | V26: 201700025 | W26: =CONCAT(CONCAT("https://assembly.go.kr/photo/", T26), ".jpg") -> https://assembly.go.kr/photo/9770982.jpg
A27: * | B27: 26 | C27: 김철민 | D27: 국회의원 | E27: =groups!$B$3 -> 1 | F27: 경기 안산 상록 을 | H27: 02-784-2135 | I27: 031-405-7755 | J27: kcm8764@naver.com | K27: kimcm8764 | L27: 100047248433839 | O27: https://www.youtube.com/watch?v=D9kQAUbKZ4c | P27: http://blog.naver.com/kcm8764 | T27: 9770986 | U27: 2966 | V27: 201700026 | W27: =CONCAT(CONCAT("https://assembly.go.kr/photo/", T27), ".jpg") -> https://assembly.go.kr/photo/9770986.jpg
A28: * | B28: 27 | C28: 김태년 | D28: 국회의원 | E28: =groups!$B$3 -> 1 | F28: 경기 성남 수정 | H28: 02-784-4570 | I28: 031-751-4048 | J28: ktn0320@daum.net | K28: kimtaenyeon | L28: 100002122729408 | O28: https://www.youtube.com/watch?v=NwalcMu_Bi0 | P28: http://www.ktn21.com/ | Q28: http://blog.naver.com/ktn208 | T28: 9770741 | U28: 556 | V28: 201700027 | W28: =CONCAT(CONCAT("https://assembly.go.kr/photo/", T28), ".jpg") -> https://assembly.go.kr/photo/9770741.jpg
A29: * | B29: 28 | C29: 김한정 | D29: 국회의원 | E29: =groups!$B$3 -> 1 | F29: 경기 남양주 을 | H29: 02-784-0496 | I29: 031-573-6669 | K29: hanjungok | L29: 100000513084408 | O29: https://www.youtube.com/watch?v=aHysDIgrSVY | P29: http://blog.naver.com/hanjungkim | T29: 9770991 | U29: 2931 | V29: 201700028 | W29: =CONCAT(CONCAT("https://assembly.go.kr/photo/", T29), ".jpg") -> https://assembly.go.kr/photo/9770991.jpg
A30: * | B30: 29 | C30: 김남국 | D30: 국회의원 | E30: =groups!$B$3 -> 1 | F30: 경기 안산 단원 을 | H30: 02-784-2455 | J30: lawmaker0415@daum.net | L30: 100003413637531 | O30: https://www.youtube.com/channel/UC5ylgZz6hi0eCIzAq7y5H9g | T30: 9771181 | U30: 2924 | V30: 201700029 | W30: =CONCAT(CONCAT("https://assembly.go.kr/photo/", T30), ".jpg") -> https://assembly.go.kr/photo/9771181.jpg
A31: * | B31: 30 | C31: 김민석 | D31: 국회의원 | E31: =groups!$B$3 -> 1 | F31: 서울 영등포 을 | H31: 02-784-2390 | J31: newkms2030@gmail.com | K31: ms2030 | L31: 1555220270 | P31: http://kms2030.kr | T31: 9771120 | U31: 2875 | V31: 201700030 | W31: =CONCAT(CONCAT("https://assembly.go.kr/photo/", T31), ".jpg") -> https://assembly.go.kr/photo/9771120.jpg
A32: * | B32: 31 | C32: 김민철 | D32: 국회의원 | E32: =groups!$B$3 -> 1 | F32: 경기 의정부 을 | H32: 02-784-4990 | I32: 031-925-2024 | L32: 100000957036249 | T32: 9771173 | U32: 128 | V32: 201700031 | W32: =CONCAT(CONCAT("https://assembly.go.kr/photo/", T32), ".jpg") -> https://assembly.go.kr/photo/9771173.jpg
A33: * | B33: 32 | C33: 남인순 | D33: 국회의원 | E33: =groups!$B$3 -> 1 | F33: 서울 송파 병 | H33: 02-784-5980 | J33: nisoon@na.go.kr | K33: nisoon | L33: 100000654518088 | M33: _ewwiM | N33: flynisoon | O33: https://www.youtube.com/watch?v=Ekhq13BipHk | P33: http://www.nisoon.co.kr/ | Q33: http://blog.naver.com/nisoon | T33: 9770752 | U33: 2618 | V33: 201700032 | W33: =CONCAT(CONCAT("https://assembly.go.kr/photo/", T33), ".jpg") -> https://assembly.go.kr/photo/9770752.jpg
A34: * | B34: 33 | C34: 노웅래 | D34: 국회의원 | E34: =groups!$B$3 -> 1 | F34: 서울 마포 갑 | H34: 02-788-2203 | I34: 02-3275-1664 | J34: wraenoh@hanmail.net | K34: gowith_wraenoh | L34: 100011462499036 | N34: with_wraenoh | O34: https://www.youtube.com/watch?v=iVrlv5HADq8 | P34: http://blog.naver.com/with_wraenoh | T34: 9770753 | U34: 133 | V34: 201700033 | W34: =CONCAT(CONCAT("https://assembly.go.kr/photo/", T34), ".jpg") -> https://assembly.go.kr/photo/9770753.jpg
A35: * | B35: 34 | C35: 도종환 | D35: 국회의원 | E35: =groups!$B$3 -> 1 | F35: 충북 청주 흥덕 | H35: 02-784-2537 | I35: 043-235-0300 | J35: djhpoem@assembly.go.kr | K35: djhpoem2 | L35: 100004000310066 | O35: https://www.youtube.com/watch?v=v8FS5f0dgmg | P35: http://djh333.co.kr/ | T35: 9770755 | U35: 2585 | V35: 201700034 | W35: =CONCAT(CONCAT("https://assembly.go.kr/photo/", T35), ".jpg") -> https://assembly.go.kr/photo/9770755.jpg
A36: * | B36: 35 | C36: 문정복 | D36: 국회의원 | E36: =groups!$B$3 -> 1 | F36: 경기 시흥 갑 | H36: 02-784-9850 | J36: indobangrang@hanmail.net | L36: 100015747640528 | P36: https://blog.naver.com/indobangrang | T36: 9771187 | U36: 2882 | V36: 201700087 | W36: =CONCAT(CONCAT("https://assembly.go.kr/photo/", T36), ".jpg") -> https://assembly.go.kr/photo/9771187.jpg
A37: * | B37: 36 | C37: 문진석 | D37: 국회의원 | E37: 1 | F37: 경기 의정부 갑 | H37: 02-784-9030 | J37: jmoon123@naver.com | L37: 100024518042012 | P37: https://blog.naver.com/jmoon123 | T37: 9771204 | U37: 209 | V37: 201700035 | W37: =CONCAT(CONCAT("https://assembly.go.kr/photo/", T37), ".jpg") -> https://assembly.go.kr/photo/9771204.jpg
A38: * | B38: 37 | C38: 민병덕 | D38: 국회의원 | E38: =groups!$B$3 -> 1 | F38: 경기 안양 동안 갑 | L38: 100002917468835 | T38: 9771175 | U38: 110 | V38: 201700036 | W38: =CONCAT(CONCAT("https://assembly.go.kr/photo/", T38), ".jpg") -> https://assembly.go.kr/photo/9771175.jpg
A39: * | B39: 38 | C39: 민홍철 | D39: 국회의원 | E39: =groups!$B$3 -> 1 | F39: 경남 김해 갑 | H39: 02-784-6490 | I39: 055-312-4970 | K39: minstar21c | L39: 100002134022892 | M39: 2823min | O39: https://www.youtube.com/watch?v=WyFh94Kdcbo | P39: http://www.민사랑.com/ | T39: 9770764 | U39: 2615 | V39: 201700037 | W39: =CONCAT(CONCAT("https://assembly.go.kr/photo/", T39), ".jpg") -> https://assembly.go.kr/photo/9770764.jpg
A40: * | B40: 39 | C40: 김병주 | D40: 국회의원 | E40: =groups!$B$3 -> 1 | F40: 비례대표 | L40: 100047862105457 | T40: 9771268 | U40: 2917 | V40: 201700038 | W40: =CONCAT(CONCAT("https://assembly.go.kr/photo/", T40), ".jpg") -> https://assembly.go.kr/photo/9771268.jpg
A41: * | B41: 40 | C41: 박광온 | D41: 국회의원 | E41: =groups!$B$3 -> 1 | F41: 경기 수원 정 | H41: 02-784-5364 | J41: sotong533@gmail.com | K41: parkkwangon | L41: 100003365965286 | O41: https://www.youtube.com/channel/UCDmngSv6O5UzEgPpUrvcnjw | P41: http://blog.naver.com/kopark2012 | T41: 9770911 | U41: 2823 | V41: 201700039 | W41: =CONCAT(CONCAT("https://assembly.go.kr/photo/", T41), ".jpg") -> https://assembly.go.kr/photo/9770911.jpg
A42: * | B42: 42 | C42: 박범계 | D42: 국회의원 | E42: =groups!$B$3 -> 1 | F42: 대전 서구 을 | H42: 02-784-6960 | I42: 042-485-4414 | K42: bkfire1004 | L42: 100001873480537 | O42: https://www.youtube.com/user/bkfire1004 | P42: http://www.bkfire.co.kr/ | Q42: http://blog.naver.com/bkfire1004 | T42: 9770770 | U42: 2580 | V42: 201700041 | W42: =CONCAT(CONCAT("https://assembly.go.kr/photo/", T42), ".jpg") -> https://assembly.go.kr/photo/9770770.jpg
A43: * | B43: 43 | C43: 박병석 | D43: 국회의원 | E43: 8 | F43: 대전 서구 갑 | H43: 02-788-2306 | I43: 042-582-8255 | J43: pbs21@assembly.go.kr | K43: pbs21 | L43: 102078689918180 | O43: https://www.youtube.com/watch?v=Z4S7eEZpy0o | P43: http://www.pbs21.or.kr/ | T43: 9770090 | U43: 211 | V43: 201700042 | W43: =CONCAT(CONCAT("https://assembly.go.kr/photo/", T43), ".jpg") -> https://assembly.go.kr/photo/9770090.jpg
A44: * | B44: 44 | C44: 김성주 | D44: 국회의원 | E44: =groups!$B$3 -> 1 | F44: 서울 구로 을 | H44: 02-784-7380,02-784-7381,02-784-7382 | J44: ksjwithjj@naver.com | L44: 100000584450592 | T44: 9771208 | U44: 116 | V44: 201700043 | W44: =CONCAT(CONCAT("https://assembly.go.kr/photo/", T44), ".jpg") -> https://assembly.go.kr/photo/9771208.jpg
A45: * | B45: 45 | C45: 박완주 | D45: 국회의원 | E45: =groups!$B$3 -> 1 | F45: 충남 천안 을 | H45: 02-784-7560 | J45: lasco21@hanmail.net | K45: park_wanju | L45: 100000934838806 | O45: https://www.youtube.com/channel/UCL3cD_phTzvLs8f25PP4ZIQ | P45: http://blog.naver.com/withwanju | T45: 9770774 | U45: 2608 | V45: 201700044 | W45: =CONCAT(CONCAT("https://assembly.go.kr/photo/", T45), ".jpg") -> https://assembly.go.kr/photo/9770774.jpg
A46: * | B46: 46 | C46: 박용진 | D46: 국회의원 | E46: =groups!$B$3 -> 1 | F46: 서울 강북 을 | H46: 02-784-9721 | I46: 02-980-0036 | K46: hopeparkyongjin | L46: 100000545776994 | N46: hopeparkyongjin | O46: https://www.youtube.com/channel/UCZE-9tXjvr0TO4i1f-ZpfiQ | P46: http://www.parkyongjin.com/ | T46: 9770929 | U46: 489 | V46: 201700045 | W46: =CONCAT(CONCAT("https://assembly.go.kr/photo/", T46), ".jpg") -> https://assembly.go.kr/photo/9770929.jpg
A47: * | B47: 47 | C47: 박재호 | D47: 국회의원 | E47: =groups!$B$3 -> 1 | F47: 부산 남구 을 | H47: 02-784-5512 | I47: 051-622-9922 | J47: 2016pjh@gmail.com | K47: ourpark | L47: 100012416494814 | M47: pjh0586 | N47: ho.vatar | O47: https://www.youtube.com/channel/UCxJlOM1wr5lFPcNYmjsyc-A | P47: http://blog.naver.com/pjh0586 | T47: 9770950 | U47: 2942 | V47: 201700046 | W47: =CONCAT(CONCAT("https://assembly.go.kr/photo/", T47), ".jpg") -> https://assembly.go.kr/photo/9770950.jpg
A48: * | B48: 48 | C48: 박정 | D48: 국회의원 | E48: =groups!$B$3 -> 1 | F48: 경기 파주 을 | H48: 02-784-3781 | J48: pjkorea21c@naver.com | K48: pjkorea21c | L48: 673725070 | M48: pjkorea21c | N48: park.jeung.160413 | O48: https://www.youtube.com/channel/UCuj6MaCWb7nzGAxkHVIy7qg | P48: http://blog.naver.com/pjkorea21c | T48: 9770995 | U48: 2843 | V48: 201700047 | W48: =CONCAT(CONCAT("https://assembly.go.kr/photo/", T48), ".jpg") -> https://assembly.go.kr/photo/9770995.jpg
A49: * | B49: 49 | C49: 박주민 | D49: 국회의원 | E49: =groups!$B$3 -> 1 | F49: 서울 은평 갑 | H49: 02-784-8690 | J49: joomincenter@gmail.com | K49: yoeman6310 | L49: 100002260933691 | M49: 221223029265 | N49: yoeman6310 | O49: https://www.youtube.com/channel/UCoFvuvMlEPICy1ClmlgzA4g | P49: http://www.joomincenter.com/ | T49: 9770932 | U49: 2911 | V49: 201700048 | W49: =CONCAT(CONCAT("https://assembly.go.kr/photo/", T49), ".jpg") -> https://assembly.go.kr/photo/9770932.jpg
A50: * | B50: 50 | C50: 박찬대 | D50: 국회의원 | E50: =groups!$B$3 -> 1 | F50: 인천 연수 갑 | H50: 02-784-5477 | J50: parkcd0214@gmail.com | K50: parkchandae | L50: 100003174322917 | O50: https://www.youtube.com/watch?v=z6p8VHOscvk | P50: http://blog.naver.com/starhanmia | T50: 9770963 | U50: 2944 | V50: 201700049 | W50: =CONCAT(CONCAT("https://assembly.go.kr/photo/", T50), ".jpg") -> https://assembly.go.kr/photo/9770963.jpg
A51: * | B51: 51 | C51: 박홍근 | D51: 국회의원 | E51: =groups!$B$3 -> 1 | F51: 서울 중랑 을 | H51: 02-784-8370 | J51: maumgil88@gmail.com | K51: maumgil | L51: 1813355655 | N51: maumgil88 | O51: https://www.youtube.com/watch?v=6PYZSetXm_E | P51: http://blog.naver.com/bakhonggeun | T51: 9770779 | U51: 2767 | V51: 201700050 | W51: =CONCAT(CONCAT("https://assembly.go.kr/photo/", T51), ".jpg") -> https://assembly.go.kr/photo/9770779.jpg
A52: * | B52: 52 | C52: 김수흥 | D52: 국회의원 | E52: =groups!$B$3 -> 1 | F52: 전북 익산 갑 | H52: 02-6788-6221 | J52: iksan832@naver.com | L52: 100035522414793 | T52: 9771210 | U52: 2692 | V52: 201700051 | W52: =CONCAT(CONCAT("https://assembly.go.kr/photo/", T52), ".jpg") -> https://assembly.go.kr/photo/9771210.jpg
A53: * | B53: 53 | C53: 백혜련 | D53: 국회의원 | E53: =groups!$B$3 -> 1 | F53: 경기 수원 을 | H53: 02-784-6130 | K53: 100hyeryun | L53: 100003618271881 | O53: https://www.youtube.com/watch?v=U-Ff9_4fhGg | P53: http://100hyeryun.blog.me/ | T53: 9770980 | U53: 2868 | V53: 201700052 | W53: =CONCAT(CONCAT("https://assembly.go.kr/photo/", T53), ".jpg") -> https://assembly.go.kr/photo/9770980.jpg
A54: * | B54: 54 | C54: 변재일 | D54: 국회의원 | E54: =groups!$B$3 -> 1 | F54: 충북 청주 청원 | H54: 02-784-1626 | I54: 043-217-1111 | J54: bji@assembly.go.kr | K54: BYUNJAEILL | L54: 100002368479211 | O54: https://www.youtube.com/watch?v=caaGXFOBD0g | P54: http://blog.naver.com/open1197news | T54: 9770356 | U54: 122 | V54: 201700053 | W54: =CONCAT(CONCAT("https://assembly.go.kr/photo/", T54), ".jpg") -> https://assembly.go.kr/photo/9770356.jpg
A55: * | B55: 55 | C55: 김용민 | D55: 국회의원 | E55: =groups!$B$3 -> 1 | F55: 경기 남양주 병 | H55: 02-784-1530 | J55: fopeopler76@gmail.com | L55: 100004063783770 | P55: http://blog.naver.com/fopeopler | T55: 9771186 | U55: 2903 | V55: 201700055 | W55: =CONCAT(CONCAT("https://assembly.go.kr/photo/", T55), ".jpg") -> https://assembly.go.kr/photo/9771186.jpg
A56: * | B56: 56 | C56: 설훈 | D56: 국회의원 | E56: =groups!$B$3 -> 1 | F56: 경기 부천 원미 을 | H56: 02-784-8570 | J56: sulhoon21@naver.com | K56: sulhoon | L56: 100002386799229 | O56: https://www.youtube.com/watch?v=z3shGe5Dd0s | P56: http://blog.naver.com/sulhoon21 | T56: 9770786 | U56: 488 | V56: 201700056 | W56: =CONCAT(CONCAT("https://assembly.go.kr/photo/", T56), ".jpg") -> https://assembly.go.kr/photo/9770786.jpg
A57: * | B57: 57 | C57: 소병훈 | D57: 국회의원 | E57: =groups!$B$3 -> 1 | F57: 경기 광주 갑 | H57: 02-784-5020 | J57: sotong1020@gmail.com | K57: sotongsa | L57: 100000942075762 | O57: https://www.youtube.com/channel/UC9BK2KCPSPFUqCKrCX7EYHg | P57: http://blog.naver.com/sotongsa | T57: 9770999 | U57: 2861 | V57: 201700057 | W57: =CONCAT(CONCAT("https://assembly.go.kr/photo/", T57), ".jpg") -> https://assembly.go.kr/photo/9770999.jpg
A58: * | B58: 58 | C58: 김승남 | D58: 국회의원 | E58: =groups!$B$3 -> 1 | F58: 전남 고흥·보성·장흥·강진 | H58: 02-784-1091,02-784-1092 | J58: snk651006@gmail.com | L58: 105914753976000 | T58: 9771220 | U58: 2973 | V58: 201700058 | W58: =CONCAT(CONCAT("https://assembly.go.kr/photo/", T58), ".jpg") -> https://assembly.go.kr/photo/9771220.jpg
A59: * | B59: 59 | C59: 송기헌 | D59: 국회의원 | E59: =groups!$B$3 -> 1 | F59: 강원 원주 을 | H59: 02-784-6150 | I59: 033-901-0413 | K59: song_kihun | L59: 100002565337632 | O59: https://www.youtube.com/watch?v=dAGmQ1PxWzQ | P59: http://blog.naver.com/peacesong1 | T59: 9771001 | U59: 2927 | V59: 201700059 | W59: =CONCAT(CONCAT("https://assembly.go.kr/photo/", T59), ".jpg") -> https://assembly.go.kr/photo/9771001.jpg
A60: * | B60: 60 | C60: 송영길 | D60: 국회의원 | E60: =groups!$B$3 -> 1 | F60: 인천 계양 을 | H60: 02-784-8957 | I60: 032-552-2224 | J60: songyounggil@naver.com | K60: Bulloger | L60: 100019500076870 | N60: bulloger1 | O60: https://www.youtube.com/channel/UC6Swqra8BqePCs1ymFCdDMQ | P60: http://blog.naver.com/songyounggil | T60: 9770967 | U60: 202 | V60: 201700060 | W60: =CONCAT(CONCAT("https://assembly.go.kr/photo/", T60), ".jpg") -> https://assembly.go.kr/photo/9770967.jpg
A61: * | B61: 61 | C61: 송옥주 | D61: 국회의원 | E61: =groups!$B$3 -> 1 | F61: 비례대표 | H61: 02-784-9470 | J61: songok4740@naver.com | K61: songokju | L61: 100001735510231 | O61: https://www.youtube.com/watch?v=Ps-e5qvHeWA | P61: http://m.blog.naver.com/songok4740 | T61: 9771058 | U61: 2878 | V61: 201700061 | W61: =CONCAT(CONCAT("https://assembly.go.kr/photo/", T61), ".jpg") -> https://assembly.go.kr/photo/9771058.jpg
A62: * | B62: 62 | C62: 김원이 | D62: 국회의원 | E62: =groups!$B$3 -> 1 | F62: 전남 목포 | L62: 100001561988135 | T62: 9771214 | U62: 2485 | V62: 201700062 | W62: =CONCAT(CONCAT("https://assembly.go.kr/photo/", T62), ".jpg") -> https://assembly.go.kr/photo/9771214.jpg
A63: * | B63: 63 | C63: 신동근 | D63: 국회의원 | E63: =groups!$B$3 -> 1 | F63: 인천 서구 을 | H63: 02-784-6142~4 | J63: sdkwin16@gmail.com | K63: skdc2875 | L63: 100000970089753 | O63: https://www.youtube.com/watch?v=Zw1OtkQ0jOc | P63: http://shindk.kr/ | T63: 9770968 | U63: 2936 | V63: 201700063 | W63: =CONCAT(CONCAT("https://assembly.go.kr/photo/", T63), ".jpg") -> https://assembly.go.kr/photo/9770968.jpg
A64: * | B64: 64 | C64: 김윤덕 | D64: 국회의원 | E64: =groups!$B$3 -> 1 | F64: 전북 전주 갑 | L64: 100002152113911 | T64: 9771206 | U64: 2940 | V64: 201700064 | W64: =CONCAT(CONCAT("https://assembly.go.kr/photo/", T64), ".jpg") -> https://assembly.go.kr/photo/9771206.jpg
A65: * | B65: 65 | C65: 김주영 | D65: 국회의원 | E65: =groups!$B$3 -> 1 | F65: 경기 김포 갑 | L65: 100001434317934 | T65: 9771192 | U65: 2954 | V65: 201700065 | W65: =CONCAT(CONCAT("https://assembly.go.kr/photo/", T65), ".jpg") -> https://assembly.go.kr/photo/9771192.jpg
A66: * | B66: 66 | C66: 김홍걸 | D66: 국회의원 | E66: =groups!$B$3 -> 1 | F66: 비례대표 | L66: 100011622342253 | T66: 9771270 | U66: 178 | V66: 201700066 | W66: =CONCAT(CONCAT("https://assembly.go.kr/photo/", T66), ".jpg") -> https://assembly.go.kr/photo/9771270.jpg
A67: * | B67: 67 | C67: 안규백 | D67: 국회의원 | E67: =groups!$B$3 -> 1 | F67: 서울 동대문 갑 | H67: 02-784-4181 | I67: 02-961-3007 | J67: intoan429@gmail.com | K67: agbhope | L67: 100003298558025 | M67: gbhope | O67: https://www.youtube.com/watch?v=0XeQuWU8Ri0 | P67: http://safe100.or.kr/ | Q67: https://blog.naver.com/agbhope | T67: 9770587 | U67: 2659 | V67: 201700067 | W67: =CONCAT(CONCAT("https://assembly.go.kr/photo/", T67), ".jpg") -> https://assembly.go.kr/photo/9770587.jpg
A68: * | B68: 68 | C68: 안민석 | D68: 국회의원 | E68: =groups!$B$3 -> 1 | F68: 경기 오산 | H68: 02-784-3877 | I68: 031-378-2274 | J68: ams2273@daum.net | K68: eduhimang | L68: 100002218930792 | N68: osan_minsuk | O68: https://www.youtube.com/watch?v=KbUVgALQnfc | P68: https://blog.naver.com/ams0506 | T68: 9770372 | U68: 105 | V68: 201700068 | W68: =CONCAT(CONCAT("https://assembly.go.kr/photo/", T68), ".jpg") -> https://assembly.go.kr/photo/9770372.jpg
A69: * | B69: 69 | C69: 안호영 | D69: 국회의원 | E69: =groups!$B$3 -> 1 | F69: 전북 완주·진안·무주·장수 | H69: 02-784-9751 | L69: 100002155325703 | O69: https://www.youtube.com/watch?v=BDExWP0klaQ | P69: http://blog.naver.com/lawanhoyoung | T69: 9771017 | U69: 2902 | V69: 201700069 | W69: =CONCAT(CONCAT("https://assembly.go.kr/photo/", T69), ".jpg") -> https://assembly.go.kr/photo/9771017.jpg
A70: * | B70: 71 | C70: 어기구 | D70: 국회의원 | E70: =groups!$B$3 -> 1 | F70: 충남 당진 | H70: 02-784-4360 | K70: kiyku6311 | L70: 100000624459233 | O70: https://www.youtube.com/watch?v=D04qBWXB1gg | P70: https://blog.naver.com/kiyku | T70: 9771010 | U70: 2859 | V70: 201700071 | W70: =CONCAT(CONCAT("https://assembly.go.kr/photo/", T70), ".jpg") -> https://assembly.go.kr/photo/9771010.jpg
A71: * | B71: 72 | C71: 오영훈 | D71: 국회의원 | E71: =groups!$B$3 -> 1 | F71: 제주 제주 을 | H71: 02-784-5621 | K71: jejudongbak | L71: 100001714731308 | O71: https://www.youtube.com/watch?v=kIVPiCqioJU | P71: http://blog.naver.com/younghun3706 | T71: 9771037 | U71: 2839 | V71: 201700072 | W71: =CONCAT(CONCAT("https://assembly.go.kr/photo/", T71), ".jpg") -> https://assembly.go.kr/photo/9771037.jpg
A72: * | B72: 73 | C72: 김회재 | D72: 국회의원 | E72: =groups!$B$3 -> 1 | F72: 전남 여수 을 | L72: 100001121089161 | T72: 9771216 | U72: 84 | V72: 201700073 | W72: =CONCAT(CONCAT("https://assembly.go.kr/photo/", T72), ".jpg") -> https://assembly.go.kr/photo/9771216.jpg
A73: * | B73: 74 | C73: 우상호 | D73: 국회의원 | E73: =groups!$B$3 -> 1 | F73: 서울 서대문 갑 | H73: 02-784-3071 | I73: 02-364-0386 | J73: wsh2016v@gmail.com | K73: woosangho2 | L73: 217438328355575 | N73: wooteraction | O73: https://www.youtube.com/watch?v=47QbAx25Scc | P73: http://www.woosangho.com/ | T73: 9770871 | U73: 2453 | V73: 201700074 | W73: =CONCAT(CONCAT("https://assembly.go.kr/photo/", T73), ".jpg") -> https://assembly.go.kr/photo/9770871.jpg
A74: * | B74: 75 | C74: 우원식 | D74: 국회의원 | E74: =groups!$B$3 -> 1 | F74: 서울 노원 을 | H74: 02-784-3601~3 | I74: 02-949-1501~2 | J74: reform1-1@hanmail.net | K74: wonsikw | L74: 100001625101299 | N74: 1seek_official | O74: https://www.youtube.com/c/wonsikw | Q74: http://woowonshik.tistory.com/ | T74: 9770872 | U74: 85 | V74: 201700075 | W74: =CONCAT(CONCAT("https://assembly.go.kr/photo/", T74), ".jpg") -> https://assembly.go.kr/photo/9770872.jpg
A75: * | B75: 76 | C75: 박상혁 | D75: 국회의원 | E75: =groups!$B$3 -> 1 | F75: 경기 김포 을 | H75: 02-784-2417,02-784-2418,02-784-2419 | J75: gimpo_park@naver.com | L75: 100036457874564 | T75: 9771193 | U75: 89 | V75: 201700076 | W75: =CONCAT(CONCAT("https://assembly.go.kr/photo/", T75), ".jpg") -> https://assembly.go.kr/photo/9771193.jpg
A76: * | B76: 77 | C76: 위성곤 | D76: 국회의원 | E76: =groups!$B$3 -> 1 | F76: 제주 서귀포 | H76: 02-784-6450 | I76: 064-762-5413 | J76: wisg1128@hanmail.net | K76: wisg1128 | L76: 1523315184648746 | O76: https://www.youtube.com/watch?v=M-zrwRQCCXE | P76: http://blog.naver.com/wishjeju | T76: 9771038 | U76: 2857 | V76: 201700077 | W76: =CONCAT(CONCAT("https://assembly.go.kr/photo/", T76), ".jpg") -> https://assembly.go.kr/photo/9771038.jpg
A77: * | B77: 78 | C77: 유동수 | D77: 국회의원 | E77: =groups!$B$3 -> 1 | F77: 인천 계양 갑 | H77: 02-784-3543 | J77: newds61@naver.com | K77: newds61 | L77: 100010670893976 | M77: youcom7777 | O77: https://www.youtube.com/watch?v=v214QKc0pOk | P77: http://blog.naver.com/newds61 | R77: https://band.us/band/60763924 | T77: 9770966 | U77: 2881 | V77: 201700078 | W77: =CONCAT(CONCAT("https://assembly.go.kr/photo/", T77), ".jpg") -> https://assembly.go.kr/photo/9770966.jpg
A78: * | B78: 79 | C78: 박성준 | D78: 국회의원 | E78: =groups!$B$3 -> 1 | F78: 서울 중·성동 을 | L78: 100048461647375 | T78: 9771107 | U78: 91 | V78: 201700079 | W78: =CONCAT(CONCAT("https://assembly.go.kr/photo/", T78), ".jpg") -> https://assembly.go.kr/photo/9771107.jpg
A79: * | B79: 80 | C79: 박영순 | D79: 국회의원 | E79: =groups!$B$3 -> 1 | H79: 02-784-2066 | J79: pys6427@naver.com | L79: 100024869628432 | P79: http://blog.naver.com/ysb3860 | T79: 9771162 | U79: 2676 | V79: 201700080 | W79: =CONCAT(CONCAT("https://assembly.go.kr/photo/", T79), ".jpg") -> https://assembly.go.kr/photo/9771162.jpg
A80: * | B80: 81 | C80: 윤관석 | D80: 국회의원 | E80: =groups!$B$3 -> 1 | F80: 인천 남동 을 | H80: 02-784-4380 | J80: winneryks@naver.com | K80: yks0817 | L80: 100000942952755 | O80: https://www.youtube.com/watch?v=76ueWdNJb3w | P80: http://blog.naver.com/winneryks | T80: 9770808 | U80: 2481 | V80: 201700081 | W80: =CONCAT(CONCAT("https://assembly.go.kr/photo/", T80), ".jpg") -> https://assembly.go.kr/photo/9770808.jpg
A81: * | B81: 82 | C81: 윤호중 | D81: 국회의원 | E81: =groups!$B$3 -> 1 | F81: 경기 구리 | H81: 02-784-4961~3 | J81: hjyun327@gmail.com | K81: dpcorea | L81: 100001415684920 | N81: hojungyun | O81: https://www.youtube.com/watch?v=YXEAAKogKjQ | P81: http://blog.naver.com/hjyun327 | R81: https://band.us/band/53554192 | T81: 9770876 | U81: 57 | V81: 201700082 | W81: =CONCAT(CONCAT("https://assembly.go.kr/photo/", T81), ".jpg") -> https://assembly.go.kr/photo/9770876.jpg
A82: * | B82: 83 | C82: 윤후덕 | D82: 국회의원 | E82: =groups!$B$3 -> 1 | F82: 경기 파주 갑 | H82: 02-788-2587 | J82: yoons609@hanmail.net | K82: yoons609 | L82: 100000873312666 | N82: pajulove | O82: https://www.youtube.com/watch?v=L5hE-yd3WHU | P82: http://pajulove.kr/ | T82: 9770813 | U82: 2573 | V82: 201700083 | W82: =CONCAT(CONCAT("https://assembly.go.kr/photo/", T82), ".jpg") -> https://assembly.go.kr/photo/9770813.jpg
A83: * | B83: 84 | C83: 이개호 | D83: 국회의원 | E83: =groups!$B$3 -> 1 | F83: 전남 담양·함평·영광·장성 | H83: 02-784-2165 | J83: 7880291@naver.com | L83: 100000903369327 | O83: https://www.youtube.com/watch?v=F09ejeTumXw | P83: http://blog.naver.com/lgh59623 | T83: 9770905 | U83: 1967 | V83: 201700084 | W83: =CONCAT(CONCAT("https://assembly.go.kr/photo/", T83), ".jpg") -> https://assembly.go.kr/photo/9770905.jpg
A84: * | B84: 85 | C84: 이상민 | D84: 국회의원 | E84: =groups!$B$3 -> 1 | F84: 대전 유성 을 | H84: 02-784-0924 | I84: 042-826-2277 | J84: smlee@assembly.go.kr | K84: esangmin | L84: 100001339863436 | O84: https://www.youtube.com/watch?v=eGxxrdOiTUg | P84: http://smlee.kr/main/ko/index.html | T84: 9770414 | U84: 342 | V84: 201700085 | W84: =CONCAT(CONCAT("https://assembly.go.kr/photo/", T84), ".jpg") -> https://assembly.go.kr/photo/9770414.jpg
A85: * | B85: 86 | C85: 서동용 | D85: 국회의원 | E85: =groups!$B$3 -> 1 | F85: 전남 순천·광양·곡성·구례 을 | L85: 100009702550828 | T85: 9771218 | U85: 281 | V85: 201700086 | W85: =CONCAT(CONCAT("https://assembly.go.kr/photo/", T85), ".jpg") -> https://assembly.go.kr/photo/9771218.jpg
A86: * | B86: 87 | C86: 서영석 | D86: 국회의원 | E86: =groups!$B$3 -> 1 | F86: 경기 부천 정 | H86: 02-784-9671 | J86: guseng@hanmail.net | L86: 100000945763982 | P86: http://blog.naver.com/guseng | T86: 9771176 | U86: 2921 | V86: 201700088 | W86: =CONCAT(CONCAT("https://assembly.go.kr/photo/", T86), ".jpg") -> https://assembly.go.kr/photo/9771176.jpg
A87: * | B87: 88 | C87: 이원욱 | D87: 국회의원 | E87: =groups!$B$3 -> 1 | F87: 경기 화성 을 | H87: 02-784-6471 | I87: 031-225-0114 | J87: ewon33@gmail.com | K87: ewon33 | L87: 100000944175784 | O87: https://www.youtube.com/watch?v=H4V987TTASc&t=10s | P87: http://blog.naver.com/ewon33 | T87: 9770826 | U87: 2522 | V87: 201700089 | W87: =CONCAT(CONCAT("https://assembly.go.kr/photo/", T87), ".jpg") -> https://assembly.go.kr/photo/9770826.jpg
A88: * | B88: 89 | C88: 이인영 | D88: 국회의원 | E88: =groups!$B$3 -> 1 | F88: 서울 구로 갑 | H88: 02-784-6811~3 | I88: 02-2683-7220 | J88: liy1964@empal.com | K88: lee_inyoung | L88: 100001423007963 | N88: guro_ajae | O88: https://www.youtube.com/channel/UC0SKvavt8Gtt_c6fUT4A32A | P88: https://blog.naver.com/liy1964 | T88: 9770878 | U88: 47 | V88: 201700090 | W88: =CONCAT(CONCAT("https://assembly.go.kr/photo/", T88), ".jpg") -> https://assembly.go.kr/photo/9770878.jpg
A89: * | B89: 90 | C89: 이재정 | D89: 국회의원 | E89: =groups!$B$3 -> 1 | F89: 비례대표 | H89: 02-788-2619 | J89: leejjlaw@gmail.com | K89: lovelylawyerjj | L89: 1791835274 | O89: https://www.youtube.com/channel/UCmGccc0nieB74Q5q5vDJfCw | P89: http://blog.naver.com/leejjlaw | T89: 9771060 | U89: 2847 | V89: 201700091 | W89: =CONCAT(CONCAT("https://assembly.go.kr/photo/", T89), ".jpg") -> https://assembly.go.kr/photo/9771060.jpg
A90: * | B90: 91 | C90: 소병철 | D90: 국회의원 | E90: =groups!$B$3 -> 1 | F90: 전남 순천·광양·곡성·구례 갑 | J90: sbcpr21@gmail.com | L90: 100048627881731 | T90: 9771217 | U90: 247 | V90: 201700092 | W90: =CONCAT(CONCAT("https://assembly.go.kr/photo/", T90), ".jpg") -> https://assembly.go.kr/photo/9771217.jpg
A91: * | B91: 92 | C91: 송재호 | D91: 국회의원 | E91: =groups!$B$3 -> 1 | F91: 제주 제주 갑 | L91: 100047931196082 | T91: 9771238 | U91: 2923 | V91: 201700093 | W91: =CONCAT(CONCAT("https://assembly.go.kr/photo/", T91), ".jpg") -> https://assembly.go.kr/photo/9771238.jpg
A92: * | B92: 93 | C92: 신영대 | D92: 국회의원 | E92: =groups!$B$3 -> 1 | F92: 전북 군산 | H92: 02-784-1524 | J92: syd@assembly.go.kr | L92: 100003031761487 | P92: https://blog.naver.com/shinyd85 | T92: 9771209 | U92: 2731 | V92: 201700094 | W92: =CONCAT(CONCAT("https://assembly.go.kr/photo/", T92), ".jpg") -> https://assembly.go.kr/photo/9771209.jpg
A93: * | B93: 94 | C93: 이학영 | D93: 국회의원 | E93: =groups!$B$3 -> 1 | F93: 경기 군포 을 | H93: 02-784-8051 | I93: 031-399-2207 | J93: youngcamp1@gmail.com | K93: hackyoung1 | L93: 1261089967 | O93: https://www.youtube.com/watch?v=eEhKJc1LOVA | P93: http://www.assembly.go.kr/assm/memPop/memPopup.do?dept_cd=9770836 | T93: 9770836 | U93: 2683 | V93: 201700095 | W93: =CONCAT(CONCAT("https://assembly.go.kr/photo/", T93), ".jpg") -> https://assembly.go.kr/photo/9770836.jpg
A94: * | B94: 95 | C94: 신정훈 | D94: 국회의원 | E94: =groups!$B$3 -> 1 | F94: 전남 나주·화순 | H94: 02-784-4277 | L94: 100000937749786 | P94: https://blog.naver.com/newnaju21 | T94: 9771219 | U94: 746 | V94: 201700096 | W94: =CONCAT(CONCAT("https://assembly.go.kr/photo/", T94), ".jpg") -> https://assembly.go.kr/photo/9771219.jpg
A95: * | B95: 96 | C95: 신현영 | D95: 국회의원 | E95: =groups!$B$3 -> 1 | F95: 비례대표 | H95: 02-6788-6691,02-6788-6692,02-6788-6693,02-6788-6694 | L95: 1158716757 | T95: 9771257 | U95: 2932 | V95: 201700097 | W95: =CONCAT(CONCAT("https://assembly.go.kr/photo/", T95), ".jpg") -> https://assembly.go.kr/photo/9771257.jpg
A96: * | B96: 97 | C96: 인재근 | D96: 국회의원 | E96: =groups!$B$3 -> 1 | F96: 서울 도봉 갑 | H96: 02-784-8091 | I96: 02-999-9373 | J96: ijgalso@daum.net | K96: JGT_forever | L96: 100003532969321 | O96: https://www.youtube.com/watch?v=WQhqQsuXQE8 | T96: 9770839 | U96: 2609 | V96: 201700098 | W96: =CONCAT(CONCAT("https://assembly.go.kr/photo/", T96), ".jpg") -> https://assembly.go.kr/photo/9770839.jpg
A97: * | B97: 98 | C97: 임종성 | D97: 국회의원 | E97: =groups!$B$3 -> 1 | F97: 경기 광주 을 | H97: 02-784-8380 | I97: 031-798-2020 | J97: 5321tempia@hanmail.net | K97: 5321tempia | L97: 100000946095593 | O97: https://www.youtube.com/channel/UCDc7mJ9CSldcIccnlsKHlew | P97: http://blog.naver.com/ijs5321 | R97: https://band.us/band/11648217 | T97: 9771000 | U97: 2856 | V97: 201700099 | W97: =CONCAT(CONCAT("https://assembly.go.kr/photo/", T97), ".jpg") -> https://assembly.go.kr/photo/9771000.jpg
A98: * | B98: 99 | C98: 전재수 | D98: 국회의원 | E98: =groups!$B$3 -> 1 | F98: 부산 북구·강서 갑 | H98: 02-784-7431 | K98: gazefor | L98: 100002324624232 | N98: gazefor | O98: https://www.youtube.com/watch?v=MI7gJFSQP7U | P98: http://blog.naver.com/jsstory7 | T98: 9770951 | U98: 2848 | V98: 201700100 | W98: =CONCAT(CONCAT("https://assembly.go.kr/photo/", T98), ".jpg") -> https://assembly.go.kr/photo/9770951.jpg
A99: * | B99: 100 | C99: 전해철 | D99: 국회의원 | E99: =groups!$B$3 -> 1 | F99: 경기 안산 상록 갑 | H99: 02-784-8901 | I99: 031-417-6700 | J99: sangrokgab@naver.com | K99: HaeC_J | L99: 100000996717610 | O99: https://www.youtube.com/watch?v=r85lwNs1dG4 | P99: http://blog.naver.com/jhc05 | T99: 9770846 | U99: 2613 | V99: 201700101 | W99: =CONCAT(CONCAT("https://assembly.go.kr/photo/", T99), ".jpg") -> https://assembly.go.kr/photo/9770846.jpg
A100: * | B100: 101 | C100: 양경숙 | D100: 국회의원 | E100: =groups!$B$3 -> 1 | F100: 비례대표 | H100: 02-784-4091 | J100: kyungsook_0906@naver.com | L100: 100000935703396 | P100: http://blog.naver.com/jongroyang | T100: 9771273 | U100: 2665 | V100: 201700102 | W100: =CONCAT(CONCAT("https://assembly.go.kr/photo/", T100), ".jpg") -> https://assembly.go.kr/photo/9771273.jpg
A101: * | B101: 102 | C101: 전혜숙 | D101: 국회의원 | E101: =groups!$B$3 -> 1 | F101: 서울 광진 갑 | H101: 02-784-8340 | L101: 100003140590637 | O101: https://www.youtube.com/watch?v=B2GOPAKX8uM | P101: http://blog.naver.com/jhsook7612 | T101: 9770926 | U101: 2690 | V101: 201700103 | W101: =CONCAT(CONCAT("https://assembly.go.kr/photo/", T101), ".jpg") -> https://assembly.go.kr/photo/9770926.jpg
...

Sheet 20
B2: no | C2: name | D2: title | E2: group | F2: field | G2: mobile | H2: office_asm | I2: office_area | J2: email | K2: twitter | L2: facebook | M2: kakao | N2: instagram | O2: youtube | P2: web | Q2: blog | R2: cafe | S2: cyworld | T2: assembly | U2: assembly_no | V2: sponsor
B3: 1 | C3: 강병원 | D3: 국회의원 | E3: =groups!$B$3 -> 1 | F3: 서울 은평 을 | H3: 02-784-1422 | J3: kangbw89@gmail.com | K3: kbw89 | L3: 100001968500108 | O3: https://www.youtube.com/channel/UCRqhzBrMh6LIn9-LIbFLMEw | P3: http://blog.naver.com/kangbw89 | T3: 9770933 | U3: 2888 | V3: 201700001
B4: 2 | C4: 강창일 | D4: 국회의원 | E4: =groups!$B$3 -> 1 | F4: 제주 제주 갑 | H4: 02-784-6084 | I4: 064-745-9300 | J4: kang809@gmail.com | K4: kangci52 | L4: 100003224302073 | O4: https://www.youtube.com/channel/UC7bR36B2KDVvqUnl3TBNc_g | P4: http://www.kangci.net/memo.do | T4: 9770279 | U4: 155 | V4: 201700002
B5: 3 | C5: 강훈식 | D5: 국회의원 | E5: =groups!$B$3 -> 1 | F5: 충남 아산 을 | H5: 02-784-1045 | J5: gohoonsik@gmail.com | L5: 100008672748962 | O5: https://www.youtube.com/watch?v=DXKNIADDQ8E | P5: http://blog.naver.com/kanghunsik | T5: 9771007 | U5: 2853 | V5: 201700003
B6: 4 | C6: 고용진 | D6: 국회의원 | E6: =groups!$B$3 -> 1 | F6: 서울 노원 갑 | H6: 02-784-4840 | I6: 02-941-0413 | J6: gogoyongjin@naver.com | K6: yongjin_koh | L6: 100002728329388 | O6: https://www.youtube.com/watch?v=7qTR-KKkh4U | P6: http://blog.naver.com/kohyj64 | T6: 9770931 | U6: 2951 | V6: 201700004
B7: 5 | C7: 권미혁 | D7: 국회의원 | E7: =groups!$B$3 -> 1 | F7: 비례대표 | H7: 02-784-7727 | J7: kwonmh@na.go.kr | L7: 100011279868403 | O7: https://www.youtube.com/watch?v=g8DteK8z1yE | P7: http://www.kmh931.com | T7: 9771066 | U7: 2845 | V7: 201700005
B8: 6 | C8: 권칠승 | D8: 국회의원 | E8: =groups!$B$3 -> 1 | F8: 경기 화성 병 | H8: 02-784-1250 | I8: 031-222-0110 | K8: k7win_ | L8: 100011077455328 | O8: https://www.youtube.com/watch?v=Nz5cDRZ4EBA | P8: http://blog.naver.com/k7wins | T8: 9770998 | U8: 2841 | V8: 201700006
B9: 7 | C9: 금태섭 | D9: 국회의원 | E9: =groups!$B$3 -> 1 | F9: 서울 강서 갑 | H9: 02-784-9761~3 | I9: 02-2698-2256~7 | J9: gsgold2001@gmail.com | K9: gtaeboy | L9: 100001677850187 | O9: https://www.youtube.com/channel/UC2gl-I4_6wYTDLnrJtaiWAg | P9: http://www.gsgold.kr/ | T9: 9770937 | U9: 2849 | V9: 201700007
B10: 8 | C10: 기동민 | D10: 국회의원 | E10: =groups!$B$3 -> 1 | F10: 서울 성북 을 | H10: 02-784-3181 | L10: 100001422477735 | O10: https://www.youtube.com/watch?v=Cjm7G1RFCkI | P10: http://blog.naver.com/gidongmin | T10: 9770927 | U10: 2967 | V10: 201700008
B11: 10 | C11: 김경협 | D11: 국회의원 | E11: =groups!$B$3 -> 1 | F11: 경기 부천 원미 갑 | H11: 02-784-1190 | I11: 032-666-0520 | J11: ggh000@naver.com | K11: kimghkr | L11: 288294554590949 | O11: https://www.youtube.com/channel/UCcheolAyghSDXGsilCbg3WA | P11: http://www.kimgh.com | Q11: http://blog.naver.com/ggh000/ | T11: 9770712 | U11: 2606 | V11: 201700010
B12: 11 | C12: 김두관 | D12: 국회의원 | E12: =groups!$B$3 -> 1 | F12: 경기 김포 갑 | H12: 02-784-2566 | I12: 031-997-6840 | K12: dookwan | L12: 181899161847606 | O12: https://www.youtube.com/watch?v=a3SrEeUxPj0 | P12: http://okdk.kr/ | Q12: http://blog.naver.com/kikdok | T12: 9770997 | U12: 2836 | V12: 201700011
B13: 12 | C13: 김민기 | D13: 국회의원 | E13: =groups!$B$3 -> 1 | F13: 경기 용인 을 | H13: 02-784-1930 | I13: 031-282-9940 | J13: kimminki@assembly.go.kr | K13: kimminki84 | L13: 100001360593401 | O13: https://youtu.be/wI9fxU3_vPQ | P13: http://www.kimminki.co.kr/ | Q13: http://blog.naver.com/kminki84 | T13: 9770723 | U13: 2576 | V13: 201700012
B14: 13 | C14: 김병관 | D14: 국회의원 | E14: =groups!$B$3 -> 1 | F14: 경기 성남 분당 갑 | H14: 02-784-5490 | J14: kbgbundang@gmail.com | K14: bgkimjhs | L14: 100001222299868 | O14: https://www.youtube.com/watch?v=UUDajgv4F4g | P14: http://blog.naver.com/bgkim | T14: 9770983 | U14: 2858 | V14: 201700013
B15: 14 | C15: 김병기 | D15: 국회의원 | E15: =groups!$B$3 -> 1 | F15: 서울 동작 갑 | H15: 02-784-1322 | K15: thekimweapon | L15: 100011526436490 | O15: https://www.youtube.com/watch?v=Y6d4rRb7i4A | P15: http://kimbyungkee.kr/ | T15: 9770941 | U15: 2898 | V15: 201700014
B16: 15 | C16: 김병욱 | D16: 국회의원 | E16: =groups!$B$3 -> 1 | F16: 경기 성남 분당 을 | H16: 02-784-3670~2 | K16: 777byung1 | L16: 100001463493979 | O16: https://www.youtube.com/channel/UCkKmE-matF_3iwaw-Q7BjZA | P16: http://blog.naver.com/777byung | T16: 9770984 | U16: 2928 | V16: 201700015
B17: 16 | C17: 김부겸 | D17: 국회의원 | E17: =groups!$B$3 -> 1 | F17: 대구 수성 갑 | H17: 02-784-4367 | K17: hopekbk | L17: 100001886974215 | O17: https://www.youtube.com/watch?v=feoGpZZT0lE | Q17: http://blog.naver.com/kimbookyum | T17: 9770960 | U17: 305 | V17: 201700016
B18: 17 | C18: 김상희 | D18: 국회의원 | E18: =groups!$B$3 -> 1 | F18: 경기 부천 소사 | H18: 02-784-4173 | J18: shk@assembly.go.kr | K18: sosakim | L18: 100002181912858 | O18: https://www.youtube.com/watch?v=ibAHWTVvzl4 | P18: http://www.cleankim.kr/ | Q18: http://blog.naver.com/shk407 | T18: 9770527 | U18: 2760 | V18: 201700017
B19: 18 | C19: 김성수 | D19: 국회의원 | E19: =groups!$B$3 -> 1 | F19: 비례대표 | H19: 02-784-8780 | J19: kss_0909@naver.com | L19: 1935197206700792 | O19: https://www.youtube.com/watch?v=Hawue3lWJdo | P19: http://blog.naver.com/kss_0909 | T19: 9771065 | U19: 2871 | V19: 201700018
B20: 19 | C20: 김영주 | D20: 국회의원 | E20: =groups!$B$3 -> 1 | F20: 서울 영등포 갑 | H20: 02-784-2470 | I20: 02-2672-6712 | J20: joojoo2012@naver.com | K20: yjkim550727 | L20: 100001441525499 | O20: https://www.youtube.com/watch?v=aqfRVFnvWpo | P20: http://www.youngjoo.kr | T20: 9770975 | U20: 145 | V20: 201700019
B21: 20 | C21: 김영진 | D21: 국회의원 | E21: =groups!$B$3 -> 1 | F21: 경기 수원 병 | H21: 02-784-8410 | K21: minjoop | L21: 100001777896522 | M21: _anxcqd | O21: https://www.youtube.com/channel/UC6Bxiwajm3Fa4gdYTB2kB3g | P21: https://blog.naver.com/ersd34 | T21: 9770981 | U21: 2970 | V21: 201700020
B22: 21 | C22: 김영춘 | D22: 국회의원 | E22: =groups!$B$3 -> 1 | F22: 부산 부산진 갑 | H22: 02-784-1368 | J22: assemblyc@daum.net | K22: busanyc | L22: 179235295447468 | M22: _Uxlgkxl | O22: https://www.youtube.com/channel/UCcf-qCDE8787QUTV9hnZHFw | P22: http://blog.naver.com/busanyc | T22: 9770949 | U22: 222 | V22: 201700021
B23: 22 | C23: 김영호 | D23: 국회의원 | E23: =groups!$B$3 -> 1 | F23: 서울 서대문 을 | H23: 02-784-4020~2 | J23: kim-youngho@naver.com | K23: minjoo05 | L23: 100002182712870 | N23: minjoo_kimyoungho | O23: https://www.youtube.com/channel/UCQqH7k22MywV8dmbS5MJAAQ | P23: https://blog.naver.com/frencisco | T23: 9770934 | U23: 2863 | V23: 201700022
B24: 23 | C24: 김정우 | D24: 국회의원 | E24: =groups!$B$3 -> 1 | F24: 경기 군포 갑 | H24: 02-784-2417 | I24: 031-427-2311 | J24: withgunpo@gmail.com | K24: bravokorea00 | L24: 1020242416 | O24: https://www.youtube.com/watch?v=0qVnFg_LjsQ | P24: http://gunpokcw.blog.me/ | T24: 9770993 | U24: 2864 | V24: 201700023
B25: 24 | C25: 김종민 | D25: 국회의원 | E25: =groups!$B$3 -> 1 | F25: 충남 논산·계룡·금산 | H25: 02-784-5920 | K25: socmind | L25: 100001746723623 | O25: https://www.youtube.com/watch?v=MYS_8J8om5E | P25: https://blog.naver.com/socmind | T25: 9771009 | U25: 2833 | V25: 201700024
B26: 25 | C26: 김진표 | D26: 국회의원 | E26: =groups!$B$3 -> 1 | F26: 경기 수원 무 | H26: 02-784-3807 | K26: jinpyokim | L26: 100010889073617 | O26: https://www.youtube.com/user/jinpyotv | P26: http://blog.naver.com/jinpyo311 | T26: 9770982 | U26: 2775 | V26: 201700025
B27: 26 | C27: 김철민 | D27: 국회의원 | E27: =groups!$B$3 -> 1 | F27: 경기 안산 상록 을 | H27: 02-784-2135 | I27: 031-405-7755 | J27: kcm8764@naver.com | K27: kimcm8764 | L27: 727022040682171 | O27: https://www.youtube.com/watch?v=D9kQAUbKZ4c | P27: http://blog.naver.com/kcm8764 | T27: 9770986 | U27: 2966 | V27: 201700026
B28: 27 | C28: 김태년 | D28: 국회의원 | E28: =groups!$B$3 -> 1 | F28: 경기 성남 수정 | H28: 02-784-4570 | I28: 031-751-4048 | J28: ktn0320@daum.net | K28: kimtaenyeon | L28: 100002122729408 | O28: https://www.youtube.com/watch?v=NwalcMu_Bi0 | P28: http://www.ktn21.com/ | Q28: http://blog.naver.com/ktn208 | T28: 9770741 | U28: 556 | V28: 201700027
B29: 28 | C29: 김한정 | D29: 국회의원 | E29: =groups!$B$3 -> 1 | F29: 경기 남양주 을 | H29: 02-784-0496 | I29: 031-573-6669 | K29: hanjungok | L29: 100000513084408 | O29: https://www.youtube.com/watch?v=aHysDIgrSVY | P29: http://blog.naver.com/hanjungkim | T29: 9770991 | U29: 2931 | V29: 201700028
B30: 29 | C30: 김해영 | D30: 국회의원 | E30: =groups!$B$3 -> 1 | F30: 부산 연제 | H30: 02-784-1051~3 | J30: hykim0417@naver.com | L30: 100001994440268 | O30: https://www.youtube.com/watch?v=T9LnLb3XHnU | P30: http://blog.naver.com/hykim0417 | T30: 9770953 | U30: 2924 | V30: 201700029
B31: 30 | C31: 김현권 | D31: 국회의원 | E31: =groups!$B$3 -> 1 | F31: 비례대표 | H31: 02-784-2841 | J31: farmhk20@gmail.com | K31: hanwooabi | L31: 100000819139297 | O31: https://www.youtube.com/channel/UCdrkeofzprOvPjF4FVPzc4g | P31: http://blog.naver.com/farmhk20 | T31: 9771061 | U31: 2875 | V31: 201700030
B32: 31 | C32: 김현미 | D32: 국회의원 | E32: =groups!$B$3 -> 1 | F32: 경기 고양 정 | H32: 02-784-4990 | I32: 031-925-2024 | J32: 7844990@naver.com | K32: hyunmeek | L32: 100001518504936 | O32: https://youtu.be/I41DcWJVngc | P32: http://hyunmee.net | T32: 9770746 | U32: 128 | V32: 201700031
B33: 32 | C33: 남인순 | D33: 국회의원 | E33: =groups!$B$3 -> 1 | F33: 서울 송파 병 | H33: 02-784-5980 | J33: nisoon@na.go.kr | K33: nisoon | L33: 100000654518088 | M33: _ewwiM | N33: flynisoon | O33: https://www.youtube.com/watch?v=Ekhq13BipHk | P33: http://www.nisoon.co.kr/ | Q33: http://blog.naver.com/nisoon | T33: 9770752 | U33: 2618 | V33: 201700032
B34: 33 | C34: 노웅래 | D34: 국회의원 | E34: =groups!$B$3 -> 1 | F34: 서울 마포 갑 | H34: 02-788-2203 | I34: 02-3275-1664 | J34: wraenoh@hanmail.net | K34: gowith_wraenoh | L34: 100011462499036 | O34: https://www.youtube.com/watch?v=iVrlv5HADq8 | P34: http://blog.naver.com/with_wraenoh | T34: 9770753 | U34: 133 | V34: 201700033
B35: 34 | C35: 도종환 | D35: 국회의원 | E35: =groups!$B$3 -> 1 | F35: 충북 청주 흥덕 | H35: 02-784-2537 | I35: 043-235-0300 | J35: djhpoem@assembly.go.kr | K35: djhpoem2 | L35: 100004000310066 | O35: https://www.youtube.com/watch?v=v8FS5f0dgmg | P35: http://djh333.co.kr/ | T35: 9770755 | U35: 2585 | V35: 201700034
B36: 35 | C36: 이수혁 | D36: 국회의원 | E36: =groups!$B$3 -> 1 | F36: 비례대표 | H36: 02-784-9671 | L36: 100011414262783 | O36: https://www.youtube.com/watch?v=-V5wvpzSIHE | P36: http://blog.naver.com/shlee197520 | T36: 9771088 | U36: 2882 | V36: 201700087
B37: 36 | C37: 문희상 | D37: 국회의원 | E37: 8 | F37: 경기 의정부 갑 | H37: 02-784-1261 | I37: 031-877-3333 | J37: moonhs@assembly.go.kr | K37: moonhstw | L37: 100003028875854 | O37: https://www.youtube.com/watch?v=jnrp-sDYEZ8 | P37: http://www.moonhs.net/ | Q37: https://blog.naver.com/moonhs1001 | T37: 9770084 | U37: 209 | V37: 201700035
B38: 37 | C38: 민병두 | D38: 국회의원 | E38: =groups!$B$3 -> 1 | F38: 서울 동대문 을 | H38: 02-788-2256 | J38: bdmin1958@assembly.go.kr | K38: bdmin1958 | L38: 100001959429059 | O38: https://www.youtube.com/watch?v=oA-f48pyY4k | P38: http://www.bdmin.net/ | T38: 9770761 | U38: 110 | V38: 201700036
B39: 38 | C39: 민홍철 | D39: 국회의원 | E39: =groups!$B$3 -> 1 | F39: 경남 김해 갑 | H39: 02-784-6490 | I39: 055-312-4970 | K39: minstar21c | L39: 100002134022892 | M39: 2823min | O39: https://www.youtube.com/watch?v=WyFh94Kdcbo | P39: http://www.민사랑.com/ | T39: 9770764 | U39: 2615 | V39: 201700037
B40: 39 | C40: 박경미 | D40: 국회의원 | E40: =groups!$B$3 -> 1 | F40: 비례대표 | H40: 02-784-6120 | J40: parkkm321@naver.com | L40: 100000956145907 | M40: _PPiGxl | O40: https://www.youtube.com/channel/UCk4gACsvSKF9_A4-ZjRC6og | P40: http://blog.naver.com/parkkm321 | T40: 9771056 | U40: 2917 | V40: 201700038
B41: 40 | C41: 박광온 | D41: 국회의원 | E41: =groups!$B$3 -> 1 | F41: 경기 수원 정 | H41: 02-784-5364 | J41: sotong533@gmail.com | K41: parkkwangon | L41: 100003365965286 | O41: https://www.youtube.com/channel/UCDmngSv6O5UzEgPpUrvcnjw | P41: http://blog.naver.com/kopark2012 | T41: 9770911 | U41: 2823 | V41: 201700039
B42: 42 | C42: 박범계 | D42: 국회의원 | E42: =groups!$B$3 -> 1 | F42: 대전 서구 을 | H42: 02-784-6960 | I42: 042-485-4414 | K42: bkfire1004 | L42: 100001873480537 | O42: https://www.youtube.com/user/bkfire1004 | P42: http://www.bkfire.co.kr/ | Q42: http://blog.naver.com/bkfire1004 | T42: 9770770 | U42: 2580 | V42: 201700041
B43: 43 | C43: 박병석 | D43: 국회의원 | E43: =groups!$B$3 -> 1 | F43: 대전 서구 갑 | H43: 02-788-2306 | I43: 042-582-8255 | J43: pbs21@assembly.go.kr | K43: pbs21 | L43: 102078689918180 | O43: https://www.youtube.com/watch?v=Z4S7eEZpy0o | P43: http://www.pbs21.or.kr/ | T43: 9770090 | U43: 211 | V43: 201700042
B44: 44 | C44: 박영선 | D44: 국회의원 | E44: =groups!$B$3 -> 1 | F44: 서울 구로 을 | H44: 02-784-3870 | J44: parkyoungsun21@gmail.com | K44: Park_Youngsun | L44: 151004054993132 | O44: https://www.youtube.com/watch?v=OcY1BnPylpU | P44: https://www.pys21.net/ | Q44: http://blog.pys21.net/ | T44: 9770347 | U44: 116 | V44: 201700043
B45: 45 | C45: 박완주 | D45: 국회의원 | E45: =groups!$B$3 -> 1 | F45: 충남 천안 을 | H45: 02-784-7560 | J45: lasco21@hanmail.net | K45: park_wanju | L45: 100000934838806 | O45: https://www.youtube.com/channel/UCL3cD_phTzvLs8f25PP4ZIQ | P45: http://blog.naver.com/withwanju | T45: 9770774 | U45: 2608 | V45: 201700044
B46: 46 | C46: 박용진 | D46: 국회의원 | E46: =groups!$B$3 -> 1 | F46: 서울 강북 을 | H46: 02-784-9721 | I46: 02-980-0036 | K46: hopeparkyongjin | L46: 108567302536082 | O46: https://www.youtube.com/channel/UCZE-9tXjvr0TO4i1f-ZpfiQ | P46: http://www.parkyongjin.com/ | T46: 9770929 | U46: 489 | V46: 201700045
B47: 47 | C47: 박재호 | D47: 국회의원 | E47: =groups!$B$3 -> 1 | F47: 부산 남구 을 | H47: 02-784-5512 | I47: 051-622-9922 | J47: 2016pjh@gmail.com | K47: ourpark | L47: 100012416494814 | M47: pjh0586 | O47: https://www.youtube.com/channel/UCxJlOM1wr5lFPcNYmjsyc-A | P47: http://blog.naver.com/pjh0586 | T47: 9770950 | U47: 2942 | V47: 201700046
B48: 48 | C48: 박정 | D48: 국회의원 | E48: =groups!$B$3 -> 1 | F48: 경기 파주 을 | H48: 02-784-3781 | J48: pjkorea21c@naver.com | K48: pjkorea21c | L48: 673725070 | M48: pjkorea21c | N48: park.jeung.160413 | O48: https://www.youtube.com/channel/UCuj6MaCWb7nzGAxkHVIy7qg | P48: http://blog.naver.com/pjkorea21c | T48: 9770995 | U48: 2843 | V48: 201700047
B49: 49 | C49: 박주민 | D49: 국회의원 | E49: =groups!$B$3 -> 1 | F49: 서울 은평 갑 | H49: 02-784-8690 | J49: joomincenter@gmail.com | K49: yoeman6310 | L49: 100002260933691 | M49: 221223029265 | N49: yoeman6310 | O49: https://www.youtube.com/channel/UCoFvuvMlEPICy1ClmlgzA4g | P49: http://www.joomincenter.com/ | T49: 9770932 | U49: 2911 | V49: 201700048
B50: 50 | C50: 박찬대 | D50: 국회의원 | E50: =groups!$B$3 -> 1 | F50: 인천 연수 갑 | H50: 02-784-5477 | J50: parkcd0214@gmail.com | K50: parkchandae | L50: 100003174322917 | O50: https://www.youtube.com/watch?v=z6p8VHOscvk | P50: http://blog.naver.com/starhanmia | T50: 9770963 | U50: 2944 | V50: 201700049
B51: 51 | C51: 박홍근 | D51: 국회의원 | E51: =groups!$B$3 -> 1 | F51: 서울 중랑 을 | H51: 02-784-8370 | J51: maumgil88@gmail.com | K51: maumgil | L51: 1813355655 | O51: https://www.youtube.com/watch?v=6PYZSetXm_E | P51: http://blog.naver.com/bakhonggeun | T51: 9770779 | U51: 2767 | V51: 201700050
B52: 52 | C52: 백재현 | D52: 국회의원 | E52: =groups!$B$3 -> 1 | F52: 경기 광명 갑 | H52: 02-788-2326 | I52: 02-2619-0490 | J52: jhok100@hanmail.net | K52: jhok100 | L52: 100002539090759 | O52: https://www.youtube.com/watch?v=ypfo9vUpn6U | P52: http://www.ok100.or.kr/ | T52: 9770573 | U52: 2692 | V52: 201700051
B53: 53 | C53: 백혜련 | D53: 국회의원 | E53: =groups!$B$3 -> 1 | F53: 경기 수원 을 | H53: 02-784-6130 | K53: 100hyeryun | L53: 100003618271881 | O53: https://www.youtube.com/watch?v=U-Ff9_4fhGg | P53: http://100hyeryun.blog.me/ | T53: 9770980 | U53: 2868 | V53: 201700052
B54: 54 | C54: 변재일 | D54: 국회의원 | E54: =groups!$B$3 -> 1 | F54: 충북 청주 청원 | H54: 02-784-1626 | I54: 043-217-1111 | J54: bji@assembly.go.kr | K54: BYUNJAEILL | L54: 100002368479211 | O54: https://www.youtube.com/watch?v=caaGXFOBD0g | P54: http://blog.naver.com/open1197news | T54: 9770356 | U54: 122 | V54: 201700053
B55: 55 | C55: 서형수 | D55: 국회의원 | E55: =groups!$B$3 -> 1 | F55: 경남 양산 을 | H55: 02-784-1524 | K55: yangsansoo | L55: 100011339385096 | O55: https://www.youtube.com/watch?v=6172NYtYccU | P55: http://blog.naver.com/shsoo2016 | T55: 9771035 | U55: 2903 | V55: 201700055
B56: 56 | C56: 설훈 | D56: 국회의원 | E56: =groups!$B$3 -> 1 | F56: 경기 부천 원미 을 | H56: 02-784-8570 | J56: sulhoon21@naver.com | K56: sulhoon | L56: 100002386799229 | O56: https://www.youtube.com/watch?v=z3shGe5Dd0s | P56: http://blog.naver.com/sulhoon21 | T56: 9770786 | U56: 488 | V56: 201700056
B57: 57 | C57: 소병훈 | D57: 국회의원 | E57: =groups!$B$3 -> 1 | F57: 경기 광주 갑 | H57: 02-784-5020 | J57: sotong1020@gmail.com | K57: sotongsa | L57: 100000942075762 | O57: https://www.youtube.com/channel/UC9BK2KCPSPFUqCKrCX7EYHg | P57: http://blog.naver.com/sotongsa | T57: 9770999 | U57: 2861 | V57: 201700057
B58: 58 | C58: 손혜원 | D58: 국회의원 | E58: =groups!$B$3 -> 1 | F58: 서울 마포 을 | H58: 02-784-9241 | J58: shwmapo@naver.com | K58: ubiquee1 | L58: 100000734717298 | O58: https://www.youtube.com/channel/UCEOCh5qXQull_Jsg5i0CIAA | P58: http://cafe.daum.net/shwmapo | T58: 9770935 | U58: 2973 | V58: 201700058
B59: 59 | C59: 송기헌 | D59: 국회의원 | E59: =groups!$B$3 -> 1 | F59: 강원 원주 을 | H59: 02-784-6150 | I59: 033-901-0413 | K59: song_kihun | L59: 100002565337632 | O59: https://www.youtube.com/watch?v=dAGmQ1PxWzQ | P59: http://blog.naver.com/peacesong1 | T59: 9771001 | U59: 2927 | V59: 201700059
B60: 60 | C60: 송영길 | D60: 국회의원 | E60: =groups!$B$3 -> 1 | F60: 인천 계양 을 | H60: 02-784-8957 | I60: 032-552-2224 | J60: songyounggil@naver.com | K60: Bulloger | L60: 1417708691779265 | N60: bulloger1 | O60: https://www.youtube.com/channel/UC6Swqra8BqePCs1ymFCdDMQ | P60: http://blog.naver.com/songyounggil | T60: 9770967 | U60: 202 | V60: 201700060
B61: 61 | C61: 송옥주 | D61: 국회의원 | E61: =groups!$B$3 -> 1 | F61: 비례대표 | H61: 02-784-9470 | J61: songok4740@naver.com | K61: songokju | L61: 100001735510231 | O61: https://www.youtube.com/watch?v=Ps-e5qvHeWA | P61: http://m.blog.naver.com/songok4740 | T61: 9771058 | U61: 2878 | V61: 201700061
B62: 62 | C62: 신경민 | D62: 국회의원 | E62: =groups!$B$3 -> 1 | F62: 서울 영등포 을 | H62: 02-784-8950 | J62: mentshin@gmail.com | K62: mentshin | L62: 100003689011394 | O62: https://www.youtube.com/watch?v=h8VWGv7DrIU | P62: http://blog.naver.com/mentshin | T62: 9770792 | U62: 2485 | V62: 201700062
B63: 63 | C63: 신동근 | D63: 국회의원 | E63: =groups!$B$3 -> 1 | F63: 인천 서구 을 | H63: 02-784-6142~4 | J63: sdkwin16@gmail.com | K63: skdc2875 | L63: 100000970089753 | O63: https://www.youtube.com/watch?v=Zw1OtkQ0jOc | P63: http://shindk.kr/ | T63: 9770968 | U63: 2936 | V63: 201700063
B64: 64 | C64: 신창현 | D64: 국회의원 | E64: =groups!$B$3 -> 1 | F64: 경기 의왕·과천 | H64: 02-784-5285 | I64: 031-452-2102 | K64: shin_changhyun | L64: 100000967923298 | O64: https://www.youtube.com/channel/UC63qKWxB6mqH8lxfzP2oiwA | P64: http://blog.naver.com/shinchanghyun | T64: 9770989 | U64: 2940 | V64: 201700064
B65: 65 | C65: 심기준 | D65: 국회의원 | E65: =groups!$B$3 -> 1 | F65: 비례대표 | H65: 02-784-8870 | K65: simkijoon | L65: 100001287741915 | O65: https://www.youtube.com/watch?v=BKXzLD6a5MM | P65: http://blog.naver.com/kjsim1304 | T65: 9771086 | U65: 2954 | V65: 201700065
B66: 66 | C66: 심재권 | D66: 국회의원 | E66: =groups!$B$3 -> 1 | F66: 서울 강동 을 | H66: 02-788-2485 | J66: sjk815@naver.com | K66: sjk0815 | L66: 100010670328009 | O66: https://www.youtube.com/watch?v=eZHP-xfzn84 | P66: http://blog.naver.com/shimjk815 | T66: 9770798 | U66: 178 | V66: 201700066
B67: 67 | C67: 안규백 | D67: 국회의원 | E67: =groups!$B$3 -> 1 | F67: 서울 동대문 갑 | H67: 02-784-4181 | I67: 02-961-3007 | J67: intoan429@gmail.com | K67: agbhope | L67: 100003298558025 | M67: gbhope | O67: https://www.youtube.com/watch?v=0XeQuWU8Ri0 | P67: http://safe100.or.kr/ | Q67: https://blog.naver.com/agbhope | T67: 9770587 | U67: 2659 | V67: 201700067
B68: 68 | C68: 안민석 | D68: 국회의원 | E68: =groups!$B$3 -> 1 | F68: 경기 오산 | H68: 02-784-3877 | I68: 031-378-2274 | J68: ams2273@daum.net | K68: eduhimang | L68: 100002218930792 | N68: osan_minsuk | O68: https://www.youtube.com/watch?v=KbUVgALQnfc | P68: https://blog.naver.com/ams0506 | T68: 9770372 | U68: 105 | V68: 201700068
B69: 69 | C69: 안호영 | D69: 국회의원 | E69: =groups!$B$3 -> 1 | F69: 전북 완주·진안·무주·장수 | H69: 02-784-9751 | L69: 100002155325703 | O69: https://www.youtube.com/watch?v=BDExWP0klaQ | P69: http://blog.naver.com/lawanhoyoung | T69: 9771017 | U69: 2902 | V69: 201700069
B70: 71 | C70: 어기구 | D70: 국회의원 | E70: =groups!$B$3 -> 1 | F70: 충남 당진 | H70: 02-784-4360 | K70: kiyku6311 | L70: 100000624459233 | O70: https://www.youtube.com/watch?v=D04qBWXB1gg | P70: https://blog.naver.com/kiyku | T70: 9771010 | U70: 2859 | V70: 201700071
B71: 72 | C71: 오영훈 | D71: 국회의원 | E71: =groups!$B$3 -> 1 | F71: 제주 제주 을 | H71: 02-784-5621 | K71: jejudongbak | L71: 100001714731308 | O71: https://www.youtube.com/watch?v=kIVPiCqioJU | P71: http://blog.naver.com/younghun3706 | T71: 9771037 | U71: 2839 | V71: 201700072
B72: 73 | C72: 오제세 | D72: 국회의원 | E72: =groups!$B$3 -> 1 | F72: 충북 청주 서원 | H72: 02-788-2303 | I72: 043-285-0085 | K72: ojs0126 | L72: 100003016395666 | O72: https://www.youtube.com/watch?v=e3ecqwhUKlc | P72: http://blog.naver.com/ojs0126 | T72: 9770380 | U72: 84 | V72: 201700073
B73: 74 | C73: 우상호 | D73: 국회의원 | E73: =groups!$B$3 -> 1 | F73: 서울 서대문 갑 | H73: 02-784-3071 | I73: 02-364-0386 | J73: wsh2016v@gmail.com | K73: woosangho2 | L73: 217438328355575 | O73: https://www.youtube.com/watch?v=47QbAx25Scc | P73: http://www.woosangho.com/ | T73: 9770871 | U73: 2453 | V73: 201700074
B74: 75 | C74: 우원식 | D74: 국회의원 | E74: =groups!$B$3 -> 1 | F74: 서울 노원 을 | H74: 02-784-3601~3 | I74: 02-949-1501~2 | J74: reform1-1@hanmail.net | K74: wonsikw | L74: 100001625101299 | O74: https://www.youtube.com/c/wonsikw | Q74: http://woowonshik.tistory.com/ | T74: 9770872 | U74: 85 | V74: 201700075
B75: 76 | C75: 원혜영 | D75: 국회의원 | E75: =groups!$B$3 -> 1 | F75: 경기 부천 오정 | H75: 02-784-3106 | I75: 032-672-3130 | J75: whywon21@daum.net | K75: wonhyeyoung | L75: 348646065161341 | O75: https://www.youtube.com/watch?v=OxFMNuqHIjE | P75: http://www.wonhyeyoung.or.kr/ | Q75: https://www.whywon.net/ | T75: 9770386 | U75: 89 | V75: 201700076
B76: 77 | C76: 위성곤 | D76: 국회의원 | E76: =groups!$B$3 -> 1 | F76: 제주 서귀포 | H76: 02-784-6450 | I76: 064-762-5413 | J76: wisg1128@hanmail.net | K76: wisg1128 | L76: 1523315184648746 | O76: https://www.youtube.com/watch?v=M-zrwRQCCXE | P76: http://blog.naver.com/wishjeju | T76: 9771038 | U76: 2857 | V76: 201700077
B77: 78 | C77: 유동수 | D77: 국회의원 | E77: =groups!$B$3 -> 1 | F77: 인천 계양 갑 | H77: 02-784-3543 | J77: newds61@naver.com | K77: newds61 | L77: 100010670893976 | M77: youcom7777 | O77: https://www.youtube.com/watch?v=v214QKc0pOk | P77: http://blog.naver.com/newds61 | R77: https://band.us/band/60763924 | T77: 9770966 | U77: 2881 | V77: 201700078
B78: 79 | C78: 유승희 | D78: 국회의원 | E78: =groups!$B$3 -> 1 | F78: 서울 성북 갑 | H78: 02-784-4091 | J78: 337ysh@naver.com | K78: 337ysh | L78: 100000950919643 | O78: https://www.youtube.com/channel/UCygjn2dtgZrZtRyDp8tmtKQ | P78: http://blog.naver.com/337ysh | T78: 9770874 | U78: 91 | V78: 201700079
B79: 80 | C79: 유은혜 | D79: 국회의원 | E79: =groups!$B$3 -> 1 | F79: 경기 고양 병 | H79: 02-784-4291 | J79: way2yoo@naver.com | K79: way2yoo | L79: 100003887274220 | O79: https://www.youtube.com/watch?v=UymfWxTtjk4 | P79: https://m.blog.naver.com/PostList.nhn?blogId=way2yoo | T79: 9770807 | U79: 2676 | V79: 201700080
B80: 81 | C80: 윤관석 | D80: 국회의원 | E80: =groups!$B$3 -> 1 | F80: 인천 남동 을 | H80: 02-784-4380 | J80: winneryks@naver.com | K80: yks0817 | L80: 100000942952755 | O80: https://www.youtube.com/watch?v=76ueWdNJb3w | P80: http://blog.naver.com/winneryks | T80: 9770808 | U80: 2481 | V80: 201700081
B81: 82 | C81: 윤호중 | D81: 국회의원 | E81: =groups!$B$3 -> 1 | F81: 경기 구리 | H81: 02-784-4961~3 | J81: hjyun327@gmail.com | K81: dpcorea | L81: 100001415684920 | N81: hojungyun | O81: https://www.youtube.com/watch?v=YXEAAKogKjQ | P81: http://blog.naver.com/hjyun327 | R81: https://band.us/band/53554192 | T81: 9770876 | U81: 57 | V81: 201700082
B82: 83 | C82: 윤후덕 | D82: 국회의원 | E82: =groups!$B$3 -> 1 | F82: 경기 파주 갑 | H82: 02-788-2587 | J82: yoons609@hanmail.net | K82: yoons609 | L82: 100000873312666 | O82: https://www.youtube.com/watch?v=L5hE-yd3WHU | P82: http://pajulove.kr/ | T82: 9770813 | U82: 2573 | V82: 201700083
B83: 84 | C83: 이개호 | D83: 국회의원 | E83: =groups!$B$3 -> 1 | F83: 전남 담양·함평·영광·장성 | H83: 02-784-2165 | J83: 7880291@naver.com | L83: 100000903369327 | O83: https://www.youtube.com/watch?v=F09ejeTumXw | P83: http://blog.naver.com/lgh59623 | T83: 9770905 | U83: 1967 | V83: 201700084
B84: 85 | C84: 이상민 | D84: 국회의원 | E84: =groups!$B$3 -> 1 | F84: 대전 유성 을 | H84: 02-784-0924 | I84: 042-826-2277 | J84: smlee@assembly.go.kr | K84: esangmin | L84: 100001339863436 | O84: https://www.youtube.com/watch?v=eGxxrdOiTUg | P84: http://smlee.kr/main/ko/index.html | T84: 9770414 | U84: 342 | V84: 201700085
B85: 86 | C85: 이석현 | D85: 국회의원 | E85: =groups!$B$3 -> 1 | F85: 경기 안양 동안 갑 | H85: 02-784-1631 | J85: esh337@hanmail.net | K85: lsh4u | L85: 100002898983959 | N85: thelsh4u | O85: https://www.youtube.com/channel/UCXMcFExJ8sytOIbkfNVzMEg | P85: http://blog.naver.com/lsh4yu | T85: 9770416 | U85: 281 | V85: 201700086
B86: 87 | C86: 이용득 | D86: 국회의원 | E86: =groups!$B$3 -> 1 | F86: 비례대표 | H86: 02-784-1730 | J86: ydlee429@gmail.com | K86: ydlee03 | L86: 100000942312178 | O86: https://www.youtube.com/channel/UCa75I8h8jF4uTdnULMFCNeA | P86: http://blog.naver.com/leeyd1604 | T86: 9771067 | U86: 2921 | V86: 201700088
B87: 88 | C87: 이원욱 | D87: 국회의원 | E87: =groups!$B$3 -> 1 | F87: 경기 화성 을 | H87: 02-784-6471 | I87: 031-225-0114 | J87: ewon33@gmail.com | K87: ewon33 | L87: 149634385124961 | O87: https://www.youtube.com/watch?v=H4V987TTASc&t=10s | P87: http://blog.naver.com/ewon33 | T87: 9770826 | U87: 2522 | V87: 201700089
B88: 89 | C88: 이인영 | D88: 국회의원 | E88: =groups!$B$3 -> 1 | F88: 서울 구로 갑 | H88: 02-784-6811~3 | I88: 02-2683-7220 | J88: liy1964@empal.com | K88: lee_inyoung | L88: 100001423007963 | N88: guro_ajae | O88: https://www.youtube.com/channel/UC0SKvavt8Gtt_c6fUT4A32A | P88: https://blog.naver.com/liy1964 | T88: 9770878 | U88: 47 | V88: 201700090
B89: 90 | C89: 이재정 | D89: 국회의원 | E89: =groups!$B$3 -> 1 | F89: 비례대표 | H89: 02-788-2619 | J89: leejjlaw@gmail.com | K89: lovelylawyerjj | L89: 293521760983816 | O89: https://www.youtube.com/channel/UCmGccc0nieB74Q5q5vDJfCw | P89: http://blog.naver.com/leejjlaw | T89: 9771060 | U89: 2847 | V89: 201700091
B90: 91 | C90: 이종걸 | D90: 국회의원 | E90: =groups!$B$3 -> 1 | F90: 경기 안양 만안 | H90: 02-788-2694 | I90: 031-449-7006 | J90: anyang21@hanmail.net | K90: leejongkul | L90: 100001030592793 | O90: https://www.youtube.com/watch?v=iRwT2V2o1Qo | P90: http://www.ljk.co.kr | Q90: http://blog.naver.com/leejongkul | T90: 9770194 | U90: 247 | V90: 201700092
B91: 92 | C91: 이철희 | D91: 국회의원 | E91: =groups!$B$3 -> 1 | F91: 비례대표 | H91: 02-784-5080 | K91: Chicagotown01 | L91: 1859430007449366 | O91: https://www.youtube.com/watch?v=QvSzRweSeb8 | P91: http://blog.naver.com/assembly923 | T91: 9771063 | U91: 2923 | V91: 201700093
B92: 93 | C92: 이춘석 | D92: 국회의원 | E92: =groups!$B$3 -> 1 | F92: 전북 익산 갑 | H92: 02-784-3285 | I92: 063-851-8888 | J92: csa2418@naver.com | K92: lcs1747 | L92: 709256449122490 | O92: https://www.youtube.com/watch?v=DD5s6OP1fnA | P92: http://www.ebyon.com/ | Q92: http://lcs1747.tistory.com/ | T92: 9770623 | U92: 2731 | V92: 201700094
B93: 94 | C93: 이학영 | D93: 국회의원 | E93: =groups!$B$3 -> 1 | F93: 경기 군포 을 | H93: 02-784-8051 | I93: 031-399-2207 | J93: youngcamp1@gmail.com | K93: hackyoung1 | L93: 262217497168635 | O93: https://www.youtube.com/watch?v=eEhKJc1LOVA | P93: http://www.assembly.go.kr/assm/memPop/memPopup.do?dept_cd=9770836 | T93: 9770836 | U93: 2683 | V93: 201700095
B94: 95 | C94: 이해찬 | D94: 국회의원 | E94: =groups!$B$3 -> 1 | F94: 세종 | H94: 02-784-7901 | I94: 044-868-2013 | J94: lhc21net@gmail.com | K94: lhc21net | L94: 350524421656354 | P94: http://www.hopechan.kr/ | Q94: http://blog.naver.com/lhc21net | T94: 9770879 | U94: 746 | V94: 201700096
B95: 96 | C95: 이훈 | D95: 국회의원 | E95: =groups!$B$3 -> 1 | F95: 서울 금천 | H95: 02-784-8430 | J95: 7848431@gmail.com | K95: hooney4us | L95: 100000961863326 | O95: https://www.youtube.com/watch?v=1oBEYwlVO-s | P95: http://blog.naver.com/woogyoo | T95: 9770939 | U95: 2932 | V95: 201700097
B96: 97 | C96: 인재근 | D96: 국회의원 | E96: =groups!$B$3 -> 1 | F96: 서울 도봉 갑 | H96: 02-784-8091 | I96: 02-999-9373 | J96: ijgalso@daum.net | K96: JGT_forever | L96: 389886164371093 | O96: https://www.youtube.com/watch?v=WQhqQsuXQE8 | T96: 9770839 | U96: 2609 | V96: 201700098
B97: 98 | C97: 임종성 | D97: 국회의원 | E97: =groups!$B$3 -> 1 | F97: 경기 광주 을 | H97: 02-784-8380 | I97: 031-798-2020 | J97: 5321tempia@hanmail.net | K97: 5321tempia | L97: 100000946095593 | O97: https://www.youtube.com/channel/UCDc7mJ9CSldcIccnlsKHlew | P97: http://blog.naver.com/ijs5321 | R97: https://band.us/band/11648217 | T97: 9771000 | U97: 2856 | V97: 201700099
B98: 99 | C98: 전재수 | D98: 국회의원 | E98: =groups!$B$3 -> 1 | F98: 부산 북구·강서 갑 | H98: 02-784-7431 | K98: gazefor | L98: 100002324624232 | O98: https://www.youtube.com/watch?v=MI7gJFSQP7U | P98: http://blog.naver.com/jsstory7 | T98: 9770951 | U98: 2848 | V98: 201700100
B99: 100 | C99: 전해철 | D99: 국회의원 | E99: =groups!$B$3 -> 1 | F99: 경기 안산 상록 갑 | H99: 02-784-8901 | I99: 031-417-6700 | J99: sangrokgab@naver.com | K99: HaeC_J | L99: 100000996717610 | O99: https://www.youtube.com/watch?v=r85lwNs1dG4 | P99: http://blog.naver.com/jhc05 | T99: 9770846 | U99: 2613 | V99: 201700101
B100: 101 | C100: 전현희 | D100: 국회의원 | E100: =groups!$B$3 -> 1 | F100: 서울 강남 을 | H100: 02-784-6950 | I100: 02-563-5090~1 | J100: elysiaj315@gmail.com | K100: hyunheejeon | L100: 100001700704825 | N100: hyunheejeon | O100: https://www.youtube.com/watch?v=O-ow5vY05WY | P100: http://hyunheui.co.kr/ | Q100: https://blog.naver.com/elysiaj2016 | T100: 9770946 | U100: 2665 | V100: 201700102
B101: 102 | C101: 전혜숙 | D101: 국회의원 | E101: =groups!$B$3 -> 1 | F101: 서울 광진 갑 | H101: 02-784-8340 | L101: 100003140590637 | O101: https://www.youtube.com/watch?v=B2GOPAKX8uM | P101: http://blog.naver.com/jhsook7612 | T101: 9770926 | U101: 2690 | V101: 201700103
...

Sheet events
B2: no | C2: name | D2: sheet | E2: detail
B3: 1 | C3: 상임위원회 | D3: normalgroups

Sheet modifiedlaws
B2: no | C2: title | D2: memberid | E2: member_sheet | F2: opinion | G2: detail | H2: web

Sheet speciallaws
B2: no | C2: title | D2: memberid | E2: member_sheet | F2: opinion | G2: detail | H2: web

Sheet normalgroups
B2: no | C2: title | D2: memberid | E2: member_sheet | F2: opinion | G2: detail | H2: web | I2: name
B3: 1 | C3: 교육위원회 | D3: 5 | E3: congressman | H3: https://edu.na.go.kr:444/edu/index.do | I3: 강득구
B4: 1 | D4: 18 | I4: 권인숙
B5: 1 | D5: 26 | I5: 김철민
B6: 1 | D6: 50 | I6: 박찬대
B7: 1 | D7: 86 | I7: 서동용
B8: 1 | D8: 114 | I8: 최인호
B9: 1 | D9: 302 | I9: 윤영덕
B10: 1 | D10: 328 | I10: 이탄희
B11: 1 | D11: 338 | I11: 정청래
B12: 1 | D12: 127 | I12: 곽상도
B13: 1 | D13: 132 | I13: 김병욱
B14: 1 | D14: 155 | I14: 배준영
B15: 1 | D15: 196 | I15: 정경희
... B18: 1 | D18: 233 | I18: 강민정
B19: 2 | C19: 보건복지위원회 | D19: 1 | E19: congressman | H19: https://health.na.go.kr:444/health/index.do | I19: 강병원
B20: 2 | D20: 6 | I20: 권칠승
B21: 2 | D21: 2 | I21: 강선우
B22: 2 | D22: 16 | I22: 고영인
B23: 2 | D23: 32 | I23: 남인순
B24: 2 | D24: 44 | I24: 김성주
B25: 2 | D25: 62 | I25: 김원이
B26: 2 | D26: 87 | I26: 서영석
B27: 2 | D27: 96 | I27: 신현영
B28: 2 | D28: 97 | I28: 인재근
B29: 2 | D29: 98 | I29: 임종성
B30: 2 | D30: 106 | I30: 정춘숙
B31: 2 | D31: 117 | I31: 한정애
... B43: 2 | D43: 356 | I43: 강기윤
B44: 3 | C44: 산업통상자원중소벤처기업위원회 | D44: 3 | E44: congressman | H44: https://industry.na.go.kr:444/industry/index.do | I44: 강훈식
B45: 3 | D45: 13 | I45: 고민정
B46: 3 | D46: 300 | I46: 김성환
B47: 3 | D47: 304 | I47: 송갑석
B48: 3 | D48: 93 | I48: 신영대
B49: 3 | D49: 94 | I49: 이학영
B50: 3 | D50: 95 | I50: 신정훈
B51: 3 | D51: 313 | I51: 이규민
B52: 3 | D52: 315 | I52: 이동주
B53: 3 | D53: 318 | I53: 이성만
B54: 3 | D54: 319 | I54: 이소영
B55: 3 | D55: 321 | I55: 이수진
B56: 3 | D56: 323 | I56: 이용선
... B70: 3 | D70: 360 | I70: 조정훈
B71: 4 | C71: 기획재정위원회 | D71: 4 | E71: congressman | H71: https://finance.na.go.kr:444/finance/index.do | I71: 고용진
B72: 4 | D72: 8 | I72: 기동민
B73: 4 | D73: 10 | I73: 김경협
B74: 4 | D74: 11 | I74: 김두관
B75: 4 | D75: 51 | I75: 박홍근
B76: 4 | D76: 52 | I76: 김수흥
B77: 4 | D77: 65 | I77: 김주영
B78: 4 | D78: 75 | I78: 우원식
B79: 4 | D79: 83 | I79: 윤후덕
B80: 4 | D80: 101 | I80: 양경숙
B81: 4 | D81: 103 | I81: 정성호
B82: 4 | D82: 107 | I82: 양향자
B83: 4 | D83: 120 | I83: 홍익표
... B96: 4 | D96: 236 | I96: 용혜인
B97: 5 | C97: 국회운영위원회 | D97: 2 | E97: congressman | H97: https://steering.na.go.kr:444/steering/index.do | I97: 강선우
B98: 5 | D98: 36 | I98: 문진석
B99: 5 | D99: 20 | I99: 김영진
B100: 5 | D100: 27 | I100: 김태년
B101: 5 | D101: 73 | I101: 김회재
B102: 5 | D102: 79 | I102: 박성준
B103: 5 | D103: 93 | I103: 신영대
B104: 5 | D104: 96 | I104: 신현영
B105: 5 | D105: 108 | I105: 조승래
B106: 5 | D106: 318 | I106: 이성만
B107: 5 | D107: 319 | I107: 이소영
B108: 5 | D108: 322 | I108: 이용빈
B109: 5 | D109: 350 | I109: 허영
... B123: 5 | D123: 358 | I123: 김영배
B124: 6 | C124: 국토교통위원회 | D124: 7 | H124: http://ltc.na.go.kr/ | I124: 강준현
B125: 6 | D125: 23 | I125: 김교흥
B126: 6 | D126: 35 | I126: 문정복
B127: 6 | D127: 36 | I127: 문진석
B128: 6 | D128: 57 | I128: 소병훈
B129: 6 | D129: 64 | I129: 김윤덕
B130: 6 | D130: 311 | I130: 김정호
B131: 6 | D131: 73 | I131: 김회재
B132: 6 | D132: 76 | I132: 박상혁
B133: 6 | D133: 80 | I133: 박영순
B134: 6 | D134: 109 | I134: 조응천
B135: 6 | D135: 111 | I135: 진선미
B136: 6 | D136: 310 | I136: 송언석
... B154: 6 | D154: 235 | I154: 최강욱
B155: 7 | C155: 여성가족위원회 | D155: 18 | H155: https://women.na.go.kr:444/women/index.do | I155: 권인숙
B156: 7 | D156: 63 | I156: 신동근
B157: 7 | D157: 101 | I157: 양경숙
B158: 7 | D158: 106 | I158: 정춘숙
B159: 7 | D159: 116 | I159: 유정주
B160: 7 | D160: 320 | I160: 이수진
B161: 7 | D161: 321 | I161: 이수진
B162: 7 | D162: 325 | I162: 이원택
B163: 7 | D163: 331 | I163: 임오경
B164: 7 | D164: 347 | I164: 최혜영
B165: 7 | D165: 131 | I165: 김미애
B166: 7 | D166: 146 | I166: 김정재
B167: 7 | D167: 164 | I167: 정점식
... B171: 7 | D171: 232 | I171: 최연숙
B172: 8 | C172: 정보위원회 | D172: 10 | H172: https://intelligence.na.go.kr:444/ | I172: 김경협
...

Sheet specialgroups
B2: no | C2: title | D2: memberid | E2: member_sheet | F2: opinion | G2: detail | H2: web
B3: 102 | C3: 헌법개정 특별위원회 | D3: ='20'!B4 -> 2 | E3: congressman
B4: 102 | D4: ='20'!B7 -> 5 | E4: congressman
B5: 102 | D5: ='20'!B11 -> 10 | E5: congressman
B6: 102 | D6: ='20'!B25 -> 24 | E6: congressman
B7: 102 | D7: ='20'!B43 -> 43 | E7: congressman
B8: 102 | D8: ='20'!B52 -> 52 | E8: congressman
B9: 102 | D9: ='20'!B54 -> 54 | E9: congressman
B10: 102 | D10: ='20'!B84 -> 85 | E10: congressman
B11: 102 | D11: ='20'!B88 -> 89 | E11: congressman
B12: 102 | D12: ='20'!B89 -> 90 | E12: congressman
B13: 102 | D13: ='20'!B90 -> 91 | E13: congressman
B14: 102 | D14: ='20'!B99 -> 100 | E14: congressman
B15: 102 | D15: ='20'!B100 -> 101 | E15: congressman
B16: 102 | D16: ='20'!B110 -> 111 | E16: congressman
B17: 102 | D17: ='20'!B113 -> 114 | E17: congressman
B18: 102 | D18: ='20'!B123 -> 124 | E18: congressman
B19: 102 | D19: ='20'!B139 -> 141 | E19: congressman
B20: 102 | D20: ='20'!B145 -> 147 | E20: congressman
B21: 102 | D21: ='20'!B166 -> 168 | E21: congressman
B22: 102 | D22: ='20'!B183 -> 185 | E22: congressman
B23: 102 | D23: ='20'!B193 -> 198 | E23: congressman
B24: 102 | D24: ='20'!B194 -> 199 | E24: congressman
B25: 102 | D25: ='20'!B196 -> 201 | E25: congressman
B26: 102 | D26: ='20'!#REF! -> #ERROR! | E26: congressman
B27: 102 | D27: ='20'!B205 -> 211 | E27: congressman
B28: 102 | D28: ='20'!B214 -> 221 | E28: congressman
B29: 102 | D29: ='20'!B221 -> 228 | E29: congressman
B30: 102 | D30: ='20'!B224 -> 231 | E30: congressman
B31: 102 | D31: ='20'!#REF! -> #ERROR! | E31: congressman
B32: 102 | D32: ='20'!B242 -> 251 | E32: congressman
B33: 102 | D33: ='20'!B255 -> 264 | E33: congressman
B34: 102 | D34: ='20'!B268 -> 278 | E34: congressman
B35: 102 | D35: ='20'!B276 -> 286 | E35: congressman
B36: 102 | D36: ='20'!#REF! -> #ERROR! | E36: congressman
B37: 103 | C37: 미래창조과학방송통신위원회 | D37: ='20'!B6 -> 4 | E37: congressman
B38: 103 | D38: ='20'!B19 -> 18 | E38: congressman
B39: 103 | D39: ='20'!B32 -> 31 | E39: congressman
B40: 103 | D40: ='20'!B51 -> 51 | E40: congressman
B41: 103 | D41: ='20'!B54 -> 54 | E41: congressman
B42: 103 | D42: ='20'!B62 -> 62 | E42: congressman
B43: 103 | D43: ='20'!B78 -> 79 | E43: congressman
B44: 103 | D44: ='20'!B84 -> 85 | E44: congressman
B45: 103 | D45: ='20'!B123 -> 124 | E45: congressman
B46: 103 | D46: ='20'!B139 -> 141 | E46: congressman
B47: 103 | D47: ='20'!B142 -> 144 | E47: congressman
B48: 103 | D48: ='20'!B144 -> 146 | E48: congressman
B49: 103 | D49: ='20'!B154 -> 156 | E49: congressman
B50: 103 | D50: ='20'!B155 -> 157 | E50: congressman
B51: 103 | D51: ='20'!B168 -> 170 | E51: congressman
B52: 103 | D52: ='20'!B189 -> 194 | E52: congressman
B53: 103 | D53: ='20'!B223 -> 230 | E53: congressman
B54: 103 | D54: ='20'!B237 -> 246 | E54: congressman
B55: 103 | D55: ='20'!B238 -> 247 | E55: congressman
B56: 103 | D56: ='20'!#REF! -> #ERROR! | E56: congressman
B57: 103 | D57: ='20'!B283 -> 294 | E57: congressman
B58: 103 | D58: ='20'!B284 -> 295 | E58: congressman
B59: 103 | D59: ='20'!#REF! -> #ERROR! | E59: congressman
B60: 104 | C60: 평창동계올림픽 및 국제경기대회지원 특별위원회 | D60: ='20'!B6 -> 4 | E60: congressman
B61: 104 | D61: ='20'!B38 -> 37 | E61: congressman
B62: 104 | D62: ='20'!B39 -> 38 | E62: congressman
B63: 104 | D63: ='20'!B59 -> 59 | E63: congressman
B64: 104 | D64: ='20'!B79 -> 80 | E64: congressman
B65: 104 | D65: ='20'!B127 -> 129 | E65: congressman
B66: 104 | D66: ='20'!B129 -> 131 | E66: congressman
B67: 104 | D67: ='20'!B130 -> 132 | E67: congressman
B68: 104 | D68: ='20'!B175 -> 177 | E68: congressman
B69: 104 | D69: ='20'!B190 -> 195 | E69: congressman
B70: 104 | D70: ='20'!B197 -> 202 | E70: congressman
B71: 104 | D71: ='20'!B198 -> 204 | E71: congressman
B72: 104 | D72: ='20'!B224 -> 231 | E72: congressman
B73: 104 | D73: ='20'!B241 -> 250 | E73: congressman
B74: 104 | D74: ='20'!B246 -> 255 | E74: congressman
B75: 104 | D75: ='20'!#REF! -> #ERROR! | E75: congressman
B76: 104 | D76: ='20'!B278 -> 288 | E76: congressman
B77: 105 | C77: 지방재정·분권 특별위원회 | D77: ='20'!B8 -> 6 | E77: congressman
B78: 105 | D78: ='20'!B26 -> 25 | E78: congressman
B79: 105 | D79: ='20'!B64 -> 64 | E79: congressman
B80: 105 | D80: ='20'!B76 -> 77 | E80: congressman
B81: 105 | D81: ='20'!B107 -> 108 | E81: congressman
B82: 105 | D82: ='20'!B125 -> 126 | E82: congressman
B83: 105 | D83: ='20'!B125 -> 126 | E83: congressman
B84: 105 | D84: ='20'!#REF! -> #ERROR! | E84: congressman
B85: 105 | D85: ='20'!B173 -> 175 | E85: congressman
B86: 105 | D86: ='20'!B178 -> 180 | E86: congressman
B87: 105 | D87: ='20'!B185 -> 187 | E87: congressman
B88: 105 | D88: ='20'!B244 -> 253 | E88: congressman
B89: 105 | D89: ='20'!B249 -> 258 | E89: congressman
B90: 105 | D90: ='20'!B277 -> 287 | E90: congressman
B91: 105 | D91: ='20'!B283 -> 294 | E91: congressman
B92: 106 | C92: 저출산·고령화대책 특별위원회 | D92: ='20'!B9 -> 7 | E92: congressman
B93: 106 | D93: ='20'!B50 -> 50 | E93: congressman
B94: 106 | D94: ='20'!B96 -> 97 | E94: congressman
B95: 106 | D95: ='20'!B110 -> 111 | E95: congressman
B96: 106 | D96: ='20'!B118 -> 119 | E96: congressman
B97: 106 | D97: ='20'!B149 -> 151 | E97: congressman
B98: 106 | D98: ='20'!B152 -> 154 | E98: congressman
B99: 106 | D99: ='20'!B159 -> 161 | E99: congressman
B100: 106 | D100: ='20'!B184 -> 186 | E100: congressman
B101: 106 | D101: ='20'!B187 -> 190 | E101: congressman
...

Sheet groups
B2: no | C2: title | D2: detail | E2: office | F2: email | G2: twitter | H2: facebook | I2: kakao | J2: instagram | K2: youtube | L2: web | M2: blog | N2: café | O2: cyworld | P2: sponsor
B3: 1 | C3: 더불어민주당 | E3: 1577-7667 | G3: TheMinjoo_Kr | H3: 163693313660505 | J3: theminjoo | K3: https://www.youtube.com/user/minjootv | L3: http://theminjoo.kr | M3: http://blog.naver.com/yesminjoo | P3: 1001
B4: 2 | C4: 미래통합당 | E4: 02-3786-3000 | G4: liberty_kr | H4: 295775117138819 | I4: libertykorea | J4: libertykorea | K4: https://www.youtube.com/c/%EC%9E%90%EC%9C%A0%ED%95%9C%EA%B5%AD%EB%8B%B9 | L4: http://www.libertykoreaparty.kr | M4: http://blog.libertykoreaparty.kr/ | P4: 1002
B5: 3 | C5: 정의당 | E5: 02-2038-0103 | G5: kr_justice | H5: 512722405481009 | I5: jbhyendx | J5: justice_party | K5: https://www.youtube.com/channel/UC4KdOy46f0HCJBqTiq7MLPg | L5: http://www.justice21.org | M5: http://blog.naver.com/justiceparty | P5: 1003
B6: 4 | C6: 국민의당 | E6: 02-2070-5600 | G6: bareunmiraedang | H6: 1651975401769490 | J6: peopleparty21 | K6: https://www.youtube.com/channel/UCpnetwDnXC5eFlQhjmbv12g | L6: http://bareunmirae.kr/ | P6: 1004
B7: 5 | C7: 열린민주당 | H7: 1869948593320390 | J7: gkpp0815 | K7: https://www.youtube.com/channel/UC5Ys11G8I-ULCXm6cNowB1w | L7: http://kpparty.kr/ | N7: https://m.cafe.naver.com/kppmembers.cafe | P7: 1005
B8: 6 | C8: 기본소득당 | E8: 02-6933-0012 | F8: theminjungparty@gmail.com | H8: 1643827669215080 | I8: _nldxexl | J8: minjungparty | K8: https://www.youtube.com/channel/UCD2FurCIhOsG3FsTM1-jirA | L8: http://minjungparty.com/main/ | P8: 1006
B9: 7 | C9: 시대전환 | E9: 070-7623-0415 | H9: 102260751224365 | J9: transition_kr | K9: https://www.youtube.com/channel/UCUu0c6atSniR5aPW9pNPiVA/featured | P9: 1007
B10: 8 | C10: 무소속 | P10: 9001
