Workbook

Sheet info
B2: version | C2: 1.1.8
B3: notice | C3: 이제는 직접민주주의로 참여하는 시대입니다. 다양한 방법으로 지역구 의원이 무슨일을 하는지 확인하고 잘하면 칭찬하고 못하면 비판하며 때로는 토론도 해보세요.
B4: notice_date | C4: 43310
B5: patch | C5: 관심의원 법안 대표발의 알림 기능 추가 [1.1.7.1] 6.13 지방선거 국회의원 사퇴 및 당선자 적용 [1.1.7] 1. 권석창 의원직 상실 적용 2. 비정상 종료 관련 수정 [1.1.6.1] 1. 박지원, 정세균 의원 소속 정정 [1.1.6] 1. 국민의당, 바른정당 합당 적용 2. 바른정당 탈당 적용 3. 의원직 상실 적용 [1.1.5] 1. 바른정당 2차 탈당 적용 2. 의원직 상실, 사퇴 적용 [1.1.4] 1. 앱스토어 검색어 추가 2. SDK 업데이트 [1.1.3.1] 1. 바른정당 탈당 의원 소속 정당 변경 2. 민중당, 대한애국당 정보 업데이트 [1.1.3] 1. iOS 11에서 검색창 없어지는 문제 수정 [1.1.2.1] 1. 정치후원 기능 추가 - 소액결제를 통한 정치후원 기능 : 계약된 국회의원에 한함 2. 정치후원 탭 추가 3. 정치후원 버튼(￦) 추가 [1.1.1] 1. 의원정보 일부 업데이트 2. 상임위원회 정보 업데이트 3. 정당정보 및 의원소속 업데이트 4. 정당정보 표시 관련 버그 수정 5. 배너광고 제거, 전면 광고로 대체 6. 광고 SDK 업데이트 [1.1.0] 1. 웹페이지를 Safari대신 앱안에서 띄우도록 수정

Sheet congressman
B2: no | C2: name | D2: title | E2: group | F2: field | G2: mobile | H2: office_asm | I2: office_area | J2: email | K2: twitter | L2: facebook | M2: kakao | N2: instagram | O2: youtube | P2: web | Q2: blog | R2: café | S2: cyworld | T2: assembly | U2: assembly_no | V2: sponsor
B3: 1 | C3: 강병원 | D3: 국회의원 | E3: =groups!$B$3 -> 1 | F3: 서울 은평 을 | H3: 02-784-1422 | J3: kangbw89@gmail.com | K3: kbw89 | L3: 100001968500108 | O3: https://www.youtube.com/channel/UCRqhzBrMh6LIn9-LIbFLMEw | P3: http://blog.naver.com/kangbw89 | T3: 9770933 | U3: 2888 | V3: 201700001
B4: 2 | C4: 강창일 | D4: 국회의원 | E4: =groups!$B$3 -> 1 | F4: 제주 제주 갑 | H4: 02-784-6084 | I4: 064-745-9300 | J4: kang809@gmail.com | K4: kangci52 | L4: 100003224302073 | O4: https://www.youtube.com/channel/UC7bR36B2KDVvqUnl3TBNc_g | P4: http://www.kangci.net/ | T4: 9770279 | U4: 155 | V4: 201700002
B5: 3 | C5: 강훈식 | D5: 국회의원 | E5: =groups!$B$3 -> 1 | F5: 충남 아산 을 | H5: 02-784-1045 | J5: gohoonsik@gmail.com | L5: 435445243514911 | O5: https://youtu.be/VJfs2uUgF5Y | P5: http://blog.naver.com/kanghunsik | T5: 9771007 | U5: 2853 | V5: 201700003
B6: 4 | C6: 고용진 | D6: 국회의원 | E6: =groups!$B$3 -> 1 | F6: 서울 노원 갑 | H6: 02-784-4840 | I6: 02-941-0413 | J6: gogoyongjin@naver.com | K6: yongjin_koh | L6: 100002728329388 | O6: https://www.youtube.com/watch?v=7qTR-KKkh4U | P6: http://blog.naver.com/kohyj64 | T6: 9770931 | U6: 2951 | V6: 201700004
B7: 5 | C7: 권미혁 | D7: 국회의원 | E7: =groups!$B$3 -> 1 | F7: 비례대표 | H7: 02-784-7727 | J7: kwonmh@na.go.kr | O7: https://www.youtube.com/watch?v=ctfXE8OsaXw | P7: http://www.kmh931.com | T7: 9771066 | U7: 2845 | V7: 201700005
B8: 6 | C8: 권칠승 | D8: 국회의원 | E8: =groups!$B$3 -> 1 | F8: 경기 화성 병 | H8: 02-784-1250 | I8: 031-222-0110 | K8: k7win_ | L8: 100011077455328 | O8: https://www.youtube.com/watch?v=nAEco9WX5Jo | P8: http://blog.naver.com/k7wins | T8: 9770998 | U8: 2841 | V8: 201700006
B9: 7 | C9: 금태섭 | D9: 국회의원 | E9: =groups!$B$3 -> 1 | F9: 서울 강서 갑 | H9: 02-784-9761~3 | I9: 02-2698-2256~7 | J9: gsgold2001@gmail.com | K9: gtaeboy | L9: 100001677850187 | O9: https://www.youtube.com/watch?v=wnFHSoCh3UY | P9: http://www.gsgold.kr/ | T9: 9770937 | U9: 2849 | V9: 201700007
B10: 8 | C10: 기동민 | D10: 국회의원 | E10: =groups!$B$3 -> 1 | F10: 서울 성북 을 | H10: 02-784-3181 | L10: 100001422477735 | O10: https://www.youtube.com/watch?v=Cjm7G1RFCkI | P10: http://blog.naver.com/gidongmin | T10: 9770927 | U10: 2967 | V10: 201700008
B11: 10 | C11: 김경협 | D11: 국회의원 | E11: =groups!$B$3 -> 1 | F11: 경기 부천 원미 갑 | H11: 02-784-1190 | I11: 032-666-0520 | J11: ggh000@naver.com | K11: kimghkr | L11: 100000942849824 | O11: https://www.youtube.com/watch?v=LWJdOSX295k | P11: http://www.kimgh.com | Q11: http://blog.naver.com/ggh000/ | T11: 9770712 | U11: 2606 | V11: 201700010
B12: 11 | C12: 김두관 | D12: 국회의원 | E12: =groups!$B$3 -> 1 | F12: 경기 김포 갑 | H12: 02-784-2566 | I12: 031-997-6840 | K12: dookwan | L12: 181899161847606 | O12: https://www.youtube.com/watch?v=r6nbce6XUGc | P12: http://okdk.kr/ | Q12: http://blog.naver.com/kikdok | T12: 9770997 | U12: 2836 | V12: 201700011
B13: 12 | C13: 김민기 | D13: 국회의원 | E13: =groups!$B$3 -> 1 | F13: 경기 용인 을 | H13: 02-784-1930 | I13: 031-282-9940 | J13: kimminki@assembly.go.kr | K13: kimminki84 | L13: 100001360593401 | O13: https://youtu.be/A-shtA2PED4 | P13: http://www.kimminki.co.kr/ | Q13: http://blog.naver.com/kminki84 | T13: 9770723 | U13: 2576 | V13: 201700012
B14: 13 | C14: 김병관 | D14: 국회의원 | E14: =groups!$B$3 -> 1 | F14: 경기 성남 분당 갑 | H14: 02-784-5490 | J14: kbgbundang@gmail.com | K14: bgkimjhs | L14: 100001222299868 | O14: https://www.youtube.com/watch?v=4pzalXGSj94 | P14: http://blog.naver.com/bgkim | T14: 9770983 | U14: 2858 | V14: 201700013
B15: 14 | C15: 김병기 | D15: 국회의원 | E15: =groups!$B$3 -> 1 | F15: 서울 동작 갑 | H15: 02-784-1322 | K15: thekimweapon | L15: 100011526436490 | O15: https://www.youtube.com/watch?v=yJ0qo3hmgco | P15: http://kimbyungkee.kr/ | T15: 9770941 | U15: 2898 | V15: 201700014
B16: 15 | C16: 김병욱 | D16: 국회의원 | E16: =groups!$B$3 -> 1 | F16: 경기 성남 분당 을 | H16: 02-784-3670~2 | K16: 777byung1 | L16: 100001463493979 | O16: https://www.youtube.com/channel/UCkKmE-matF_3iwaw-Q7BjZA | P16: http://blog.naver.com/777byung | T16: 9770984 | U16: 2928 | V16: 201700015
B17: 16 | C17: 김부겸 | D17: 국회의원 | E17: =groups!$B$3 -> 1 | F17: 대구 수성 갑 | H17: 02-784-4367 | K17: hopekbk | O17: https://www.youtube.com/watch?v=fSXFigCd3Kw | P17: http://www.hopekbk.or.kr/xe/ | T17: 9770960 | U17: 305 | V17: 201700016
B18: 17 | C18: 김상희 | D18: 국회의원 | E18: =groups!$B$3 -> 1 | F18: 경기 부천 소사 | H18: 02-784-4173 | J18: shk@assembly.go.kr | K18: SosaKim | L18: 100002181912858 | O18: https://www.youtube.com/watch?v=ibAHWTVvzl4 | P18: http://www.cleankim.kr/ | Q18: http://blog.naver.com/shk407 | T18: 9770527 | U18: 2760 | V18: 201700017
B19: 18 | C19: 김성수 | D19: 국회의원 | E19: =groups!$B$3 -> 1 | F19: 비례대표 | H19: 02-784-8780 | J19: kss_0909@naver.com | O19: https://www.youtube.com/watch?v=ZExMzWHZDyo | P19: http://blog.naver.com/kss_0909 | T19: 9771065 | U19: 2871 | V19: 201700018
B20: 19 | C20: 김영주 | D20: 국회의원 | E20: =groups!$B$3 -> 1 | F20: 서울 영등포 갑 | H20: 02-784-2470 | I20: 02-2672-6712 | J20: joojoo2012@naver.com | K20: yjkim550727 | L20: 100001441525499 | O20: https://www.youtube.com/watch?v=aqfRVFnvWpo | P20: http://www.youngjoo.kr | T20: 9770975 | U20: 145 | V20: 201700019
B21: 20 | C21: 김영진 | D21: 국회의원 | E21: =groups!$B$3 -> 1 | F21: 경기 수원 병 | H21: 02-784-8410 | K21: minjoop | L21: 100001777896522 | O21: https://www.youtube.com/watch?v=uLnQf9iBMT4 | P21: http://www.assembly.go.kr/assm/memPop/memPopup.do?dept_cd=9770981 | T21: 9770981 | U21: 2970 | V21: 201700020
B22: 21 | C22: 김영춘 | D22: 국회의원 | E22: =groups!$B$3 -> 1 | F22: 부산 부산진 갑 | H22: 02-784-1368 | J22: assemblyc@daum.net | K22: busanyc | L22: 100000714187534 | O22: https://www.youtube.com/watch?v=X6dvME5y2hA | P22: http://blog.naver.com/busanyc | T22: 9770949 | U22: 222 | V22: 201700021
B23: 22 | C23: 김영호 | D23: 국회의원 | E23: =groups!$B$3 -> 1 | F23: 서울 서대문 을 | H23: 02-784-4020~2 | J23: kim-youngho@naver.com | K23: minjoo05 | L23: 100002182712870 | O23: https://youtu.be/zLp9Yq_XVoQ | P23: http://www.minjoo05.com/ | T23: 9770934 | U23: 2863 | V23: 201700022
B24: 23 | C24: 김정우 | D24: 국회의원 | E24: =groups!$B$3 -> 1 | F24: 경기 군포 갑 | H24: 02-784-2417 | I24: 031-427-2311 | J24: withgunpo@gmail.com | K24: bravokorea00 | L24: 1020242416 | O24: https://www.youtube.com/watch?v=GJ3AfyBKmYI | P24: http://gunpokcw.blog.me/ | T24: 9770993 | U24: 2864 | V24: 201700023
B25: 24 | C25: 김종민 | D25: 국회의원 | E25: =groups!$B$3 -> 1 | F25: 충남 논산·계룡·금산 | H25: 02-784-5920 | K25: socmind | L25: 100001746723623 | O25: https://www.youtube.com/watch?v=MYS_8J8om5E | P25: http://www.assembly.go.kr/assm/memPop/memPopup.do?dept_cd=9771009 | T25: 9771009 | U25: 2833 | V25: 201700024
B26: 25 | C26: 김진표 | D26: 국회의원 | E26: =groups!$B$3 -> 1 | F26: 경기 수원 무 | H26: 02-784-3807 | K26: jinpyokim | L26: 708378359214924 | O26: https://www.youtube.com/watch?v=WawAUIoT0PU | P26: http://blog.naver.com/jinpyo311 | T26: 9770982 | U26: 2775 | V26: 201700025
B27: 26 | C27: 김철민 | D27: 국회의원 | E27: =groups!$B$3 -> 1 | F27: 경기 안산 상록 을 | H27: 02-784-2135 | I27: 031-405-7755 | J27: kcm8764@naver.com | K27: kimcm8764 | L27: 727022040682171 | O27: https://www.youtube.com/watch?v=z4S7TGxVGto | P27: http://blog.naver.com/kcm8764 | T27: 9770986 | U27: 2966 | V27: 201700026
B28: 27 | C28: 김태년 | D28: 국회의원 | E28: =groups!$B$3 -> 1 | F28: 경기 성남 수정 | H28: 02-784-4570 | I28: 031-751-4048 | J28: ktn0320@daum.net | K28: kimtaenyeon | L28: 100002122729408 | O28: https://www.youtube.com/watch?v=0vLxmt7lFLU | P28: http://www.ktn21.com/ | Q28: http://blog.naver.com/ktn208 | T28: 9770741 | U28: 556 | V28: 201700027
B29: 28 | C29: 김한정 | D29: 국회의원 | E29: =groups!$B$3 -> 1 | F29: 경기 남양주 을 | H29: 02-784-0496 | I29: 031-573-6669 | K29: hanjungok | L29: 1498882637005625 | O29: https://www.youtube.com/watch?v=aHysDIgrSVY | P29: http://blog.naver.com/hanjungkim | T29: 9770991 | U29: 2931 | V29: 201700028
B30: 29 | C30: 김해영 | D30: 국회의원 | E30: =groups!$B$3 -> 1 | F30: 부산 연제 | H30: 02-784-1051~3 | J30: hykim0417@naver.com | K30: hykim0417 | L30: 100001994440268 | O30: https://www.youtube.com/watch?v=zJj8IsNsk0o | P30: http://blog.naver.com/hykim0417 | T30: 9770953 | U30: 2924 | V30: 201700029
B31: 30 | C31: 김현권 | D31: 국회의원 | E31: =groups!$B$3 -> 1 | F31: 비례대표 | H31: 02-784-2841 | J31: farmhk20@gmail.com | K31: hanwooabi | L31: 100000819139297 | O31: https://www.youtube.com/watch?v=bXJqcrvXigg | P31: http://blog.naver.com/farmhk20 | T31: 9771061 | U31: 2875 | V31: 201700030
B32: 31 | C32: 김현미 | D32: 국회의원 | E32: =groups!$B$3 -> 1 | F32: 경기 고양 정 | H32: 02-784-4990 | I32: 031-925-2024 | J32: 7844990@naver.com | L32: 100001518504936 | O32: https://www.youtube.com/watch?v=8c2cNThdyzk | P32: http://hyunmee.net | T32: 9770746 | U32: 128 | V32: 201700031
B33: 32 | C33: 남인순 | D33: 국회의원 | E33: =groups!$B$3 -> 1 | F33: 서울 송파 병 | H33: 02-784-5980 | J33: nisoon@na.go.kr | K33: nisoon | L33: 100000654518088 | O33: https://www.youtube.com/watch?v=Ekhq13BipHk | P33: http://www.nisoon.co.kr/ | Q33: http://blog.naver.com/nisoon | T33: 9770752 | U33: 2618 | V33: 201700032
B34: 33 | C34: 노웅래 | D34: 국회의원 | E34: =groups!$B$3 -> 1 | F34: 서울 마포 갑 | H34: 02-788-2203 | I34: 02-3275-1664 | J34: wraenoh@hanmail.net | K34: gowith_wraenoh | L34: 100011462499036 | O34: https://www.youtube.com/watch?v=75m-SRfLh8M | P34: http://blog.naver.com/with_wraenoh | T34: 9770753 | U34: 133 | V34: 201700033
B35: 34 | C35: 도종환 | D35: 국회의원 | E35: =groups!$B$3 -> 1 | F35: 충북 청주 흥덕 | H35: 02-784-2537 | I35: 043-235-0300 | J35: djhpoem@assembly.go.kr | K35: djhpoem2 | L35: 100004000310066 | O35: https://www.youtube.com/watch?v=2sfe-BZRLBw | P35: http://djhpoem.co.kr/ | T35: 9770755 | U35: 2585 | V35: 201700034
B36: 35 | C36: 이수혁 | D36: 국회의원 | E36: =groups!$B$3 -> 1 | F36: 비례대표 | H36: 02-784-9671 | L36: 100011414262783 | O36: https://www.youtube.com/watch?v=K4sVVZxfG74 | P36: http://blog.naver.com/shlee197520 | T36: 9771088 | U36: 2882 | V36: 201700087
B37: 36 | C37: 문희상 | D37: 국회의원 | E37: =groups!$B$3 -> 1 | F37: 경기 의정부 갑 | H37: 02-784-1261 | I37: 031-877-3333 | J37: moonhs@assembly.go.kr | K37: moonhstw | L37: 100003028875854 | O37: https://www.youtube.com/watch?v=WOGAH14XaFc | P37: http://www.moonhs.net/ | T37: 9770084 | U37: 209 | V37: 201700035
B38: 37 | C38: 민병두 | D38: 국회의원 | E38: =groups!$B$3 -> 1 | F38: 서울 동대문 을 | H38: 02-788-2256 | J38: bdmin1958@assembly.go.kr | K38: bdmin1958 | L38: 100001959429059 | O38: https://www.youtube.com/watch?v=Y5Ly202f9P0 | P38: http://www.bdmin.net/ | T38: 9770761 | U38: 110 | V38: 201700036
B39: 38 | C39: 민홍철 | D39: 국회의원 | E39: =groups!$B$3 -> 1 | F39: 경남 김해 갑 | H39: 02-784-6490 | I39: 055-312-4970 | K39: minstar21c | L39: 100002134022892 | O39: https://www.youtube.com/watch?v=WyFh94Kdcbo | P39: http://www.민사랑.com/ | T39: 9770764 | U39: 2615 | V39: 201700037
B40: 39 | C40: 박경미 | D40: 국회의원 | E40: =groups!$B$3 -> 1 | F40: 비례대표 | H40: 02-784-6120 | J40: parkkm321@naver.com | L40: 100000956145907 | O40: https://www.youtube.com/watch?v=dWKcdeOTrZA | P40: http://blog.naver.com/parkkm321 | T40: 9771056 | U40: 2917 | V40: 201700038
B41: 40 | C41: 박광온 | D41: 국회의원 | E41: =groups!$B$3 -> 1 | F41: 경기 수원 정 | H41: 02-784-5364 | J41: sotong533@gmail.com | K41: parkkwangon | L41: 1554426271445959 | O41: https://www.youtube.com/watch?v=CHngLAqhhdA | P41: http://blog.naver.com/kopark2012 | T41: 9770911 | U41: 2823 | V41: 201700039
B42: 42 | C42: 박범계 | D42: 국회의원 | E42: =groups!$B$3 -> 1 | F42: 대전 서구 을 | H42: 02-784-6960 | I42: 042-485-4414 | K42: bkfire1004 | L42: 100001873480537 | O42: https://www.youtube.com/watch?v=X5l3qAB2U5g | P42: http://www.bkfire.co.kr/ | Q42: http://blog.naver.com/bkfire1004 | T42: 9770770 | U42: 2580 | V42: 201700041
B43: 43 | C43: 박병석 | D43: 국회의원 | E43: =groups!$B$3 -> 1 | F43: 대전 서구 갑 | H43: 02-788-2306 | I43: 042-582-8255 | J43: pbs21@assembly.go.kr | K43: pbs21 | L43: 100003198541151 | O43: https://www.youtube.com/watch?v=OFerPMRGLUM | P43: http://www.pbs21.or.kr/ | T43: 9770090 | U43: 211 | V43: 201700042
B44: 44 | C44: 박영선 | D44: 국회의원 | E44: =groups!$B$3 -> 1 | F44: 서울 구로 을 | H44: 02-784-3870 | J44: parkyoungsun21@gmail.com | K44: Park_Youngsun | L44: 151004054993132 | O44: https://www.youtube.com/watch?v=5KzXDvJlLl0 | P44: https://www.pys21.net/ | T44: 9770347 | U44: 116 | V44: 201700043
B45: 45 | C45: 박완주 | D45: 국회의원 | E45: =groups!$B$3 -> 1 | F45: 충남 천안 을 | H45: 02-784-7560 | J45: lasco21@hanmail.net | K45: park_wanju | L45: 100000934838806 | O45: https://youtu.be/xts7G-FL9AI | P45: http://blog.naver.com/withwanju | T45: 9770774 | U45: 2608 | V45: 201700044
B46: 46 | C46: 박용진 | D46: 국회의원 | E46: =groups!$B$3 -> 1 | F46: 서울 강북 을 | H46: 02-784-9721 | I46: 02-980-0036 | K46: hopeparkyongjin | L46: 108567302536082 | O46: https://www.youtube.com/watch?v=Py6ifji7yC4 | P46: http://www.parkyongjin.com/ | T46: 9770929 | U46: 489 | V46: 201700045
B47: 47 | C47: 박재호 | D47: 국회의원 | E47: =groups!$B$3 -> 1 | F47: 부산 남구 을 | H47: 02-784-5512 | I47: 051-622-9922 | J47: 2016pjh@gmail.com | K47: ourpark | L47: 100012416494814 | O47: https://www.youtube.com/watch?v=iNUs58X6BMg | P47: http://blog.naver.com/pjh0586 | T47: 9770950 | U47: 2942 | V47: 201700046
B48: 48 | C48: 박정 | D48: 국회의원 | E48: =groups!$B$3 -> 1 | F48: 경기 파주 을 | H48: 02-784-3781 | J48: pjkorea21c@naver.com | K48: pjkorea21c | L48: 673725070 | O48: https://www.youtube.com/watch?v=lqTtr_-mtM0 | P48: http://blog.naver.com/pjkorea21c | T48: 9770995 | U48: 2843 | V48: 201700047
B49: 49 | C49: 박주민 | D49: 국회의원 | E49: =groups!$B$3 -> 1 | F49: 서울 은평 갑 | H49: 02-784-8690 | J49: joomincenter@gmail.com | K49: yoeman6310 | L49: 100002260933691 | O49: https://www.youtube.com/watch?v=4N6r2nhbLW0 | P49: http://www.joomincenter.com/ | T49: 9770932 | U49: 2911 | V49: 201700048
B50: 50 | C50: 박찬대 | D50: 국회의원 | E50: =groups!$B$3 -> 1 | F50: 인천 연수 갑 | H50: 02-784-5477 | J50: parkcd0214@gmail.com | K50: parkchandae | L50: 100003174322917 | O50: https://youtu.be/jqANJkmWb3c | P50: http://blog.naver.com/starhanmia | T50: 9770963 | U50: 2944 | V50: 201700049
B51: 51 | C51: 박홍근 | D51: 국회의원 | E51: =groups!$B$3 -> 1 | F51: 서울 중랑 을 | H51: 02-784-8370 | J51: maumgil88@gmail.com | K51: maumgil | L51: 1813355655 | O51: https://www.youtube.com/watch?v=Zgqd4IoCnto | P51: http://blog.naver.com/bakhonggeun | T51: 9770779 | U51: 2767 | V51: 201700050
B52: 52 | C52: 백재현 | D52: 국회의원 | E52: =groups!$B$3 -> 1 | F52: 경기 광명 갑 | H52: 02-788-2326 | I52: 02-2619-0490 | J52: jhok100@hanmail.net | K52: jhok100 | L52: 100002539090759 | O52: https://youtu.be/4Jy2P25Dteo | P52: http://www.ok100.or.kr/ | T52: 9770573 | U52: 2692 | V52: 201700051
B53: 53 | C53: 백혜련 | D53: 국회의원 | E53: =groups!$B$3 -> 1 | F53: 경기 수원 을 | H53: 02-784-6130 | K53: 100hyeryun | L53: 100003618271881 | O53: https://www.youtube.com/watch?v=nD_Js27JDRE | P53: http://100hyeryun.blog.me/ | T53: 9770980 | U53: 2868 | V53: 201700052
B54: 54 | C54: 변재일 | D54: 국회의원 | E54: =groups!$B$3 -> 1 | F54: 충북 청주 청원 | H54: 02-784-1626 | I54: 043-217-1111 | J54: bji@assembly.go.kr | K54: BYUNJAEILL | L54: 100002368479211 | O54: https://www.youtube.com/watch?v=caaGXFOBD0g | P54: http://blog.naver.com/open1197news | T54: 9770356 | U54: 122 | V54: 201700053
B55: 55 | C55: 서형수 | D55: 국회의원 | E55: =groups!$B$3 -> 1 | F55: 경남 양산 을 | H55: 02-784-1524 | K55: yangsansoo | L55: 100011339385096 | O55: https://www.youtube.com/watch?v=F-ijC16K_sI | P55: http://blog.naver.com/shsoo2016 | T55: 9771035 | U55: 2903 | V55: 201700055
B56: 56 | C56: 설훈 | D56: 국회의원 | E56: =groups!$B$3 -> 1 | F56: 경기 부천 원미 을 | H56: 02-784-8570 | J56: sulhoon21@naver.com | K56: sulhoon | L56: 100002386799229 | O56: https://www.youtube.com/watch?v=ktlK8TLIZIk | P56: http://blog.naver.com/sulhoon21 | T56: 9770786 | U56: 488 | V56: 201700056
B57: 57 | C57: 소병훈 | D57: 국회의원 | E57: =groups!$B$3 -> 1 | F57: 경기 광주 갑 | H57: 02-784-5020 | J57: sotong1020@gmail.com | K57: sotongsa | L57: 100000942075762 | O57: https://www.youtube.com/watch?v=XA920EgcdnA | P57: http://blog.naver.com/sotongsa | T57: 9770999 | U57: 2861 | V57: 201700057
B58: 58 | C58: 손혜원 | D58: 국회의원 | E58: =groups!$B$3 -> 1 | F58: 서울 마포 을 | H58: 02-784-9241 | J58: shwmapo@naver.com | L58: 100000734717298 | O58: https://www.youtube.com/watch?v=uyIOGWW6pZk&t=13s | P58: http://cafe.daum.net/shwmapo | Q58: http://blog.naver.com/ubiquee | T58: 9770935 | U58: 2973 | V58: 201700058
B59: 59 | C59: 송기헌 | D59: 국회의원 | E59: =groups!$B$3 -> 1 | F59: 강원 원주 을 | H59: 02-784-6150 | I59: 033-901-0413 | K59: song_kihun | L59: 100002565337632 | O59: https://www.youtube.com/watch?v=dAGmQ1PxWzQ | P59: http://www.peacesong1.blog.me/ | T59: 9771001 | U59: 2927 | V59: 201700059
B60: 60 | C60: 송영길 | D60: 국회의원 | E60: =groups!$B$3 -> 1 | F60: 인천 계양 을 | H60: 02-784-8957 | I60: 032-552-2224 | J60: songyounggil@naver.com | K60: Bulloger | L60: 1417708691779265 | O60: https://www.youtube.com/watch?v=bygYWVv256M | P60: http://blog.naver.com/songyounggil | T60: 9770967 | U60: 202 | V60: 201700060
B61: 61 | C61: 송옥주 | D61: 국회의원 | E61: =groups!$B$3 -> 1 | F61: 비례대표 | H61: 02-784-9470 | J61: songok4740@naver.com | K61: songokju | L61: 100001735510231 | O61: https://www.youtube.com/watch?v=sqmPkKW2_FI | P61: http://m.blog.naver.com/songok4740 | T61: 9771058 | U61: 2878 | V61: 201700061
B62: 62 | C62: 신경민 | D62: 국회의원 | E62: =groups!$B$3 -> 1 | F62: 서울 영등포 을 | H62: 02-784-8950 | J62: mentshin@gmail.com | K62: mentshin | L62: 100003689011394 | O62: https://youtu.be/HB5TWkJAYX0 | P62: http://blog.naver.com/mentshin | T62: 9770792 | U62: 2485 | V62: 201700062
B63: 63 | C63: 신동근 | D63: 국회의원 | E63: =groups!$B$3 -> 1 | F63: 인천 서구 을 | H63: 02-784-6142~4 | J63: sdkwin16@gmail.com | K63: skdc2875 | L63: 100000970089753 | O63: https://www.youtube.com/watch?v=JxqZYrZYSS8 | P63: http://shindk.kr/ | T63: 9770968 | U63: 2936 | V63: 201700063
B64: 64 | C64: 신창현 | D64: 국회의원 | E64: =groups!$B$3 -> 1 | F64: 경기 의왕·과천 | H64: 02-784-5285 | I64: 031-452-2102 | K64: shin_changhyun | L64: 100000967923298 | O64: https://www.youtube.com/watch?v=FuqkHCizpTc | P64: http://blog.naver.com/shinchanghyun | T64: 9770989 | U64: 2940 | V64: 201700064
B65: 65 | C65: 심기준 | D65: 국회의원 | E65: =groups!$B$3 -> 1 | F65: 비례대표 | H65: 02-784-8870 | K65: simkijoon | L65: 100001287741915 | O65: https://www.youtube.com/watch?v=BKXzLD6a5MM | P65: http://blog.naver.com/kjsim1304 | T65: 9771086 | U65: 2954 | V65: 201700065
B66: 66 | C66: 심재권 | D66: 국회의원 | E66: =groups!$B$3 -> 1 | F66: 서울 강동 을 | H66: 02-788-2485 | J66: sjk815@naver.com | K66: sjk0815 | L66: 100010670328009 | O66: https://www.youtube.com/watch?v=eZHP-xfzn84 | P66: http://blog.naver.com/shimjk815 | T66: 9770798 | U66: 178 | V66: 201700066
B67: 67 | C67: 안규백 | D67: 국회의원 | E67: =groups!$B$3 -> 1 | F67: 서울 동대문 갑 | H67: 02-784-4181 | I67: 02-961-3007 | J67: intoan429@gmail.com | K67: agbhope | L67: 100003298558025 | O67: https://www.youtube.com/watch?v=0XeQuWU8Ri0 | P67: http://safe100.or.kr/ | Q67: http://blog.naver.com/agbhope | T67: 9770587 | U67: 2659 | V67: 201700067
B68: 68 | C68: 안민석 | D68: 국회의원 | E68: =groups!$B$3 -> 1 | F68: 경기 오산 | H68: 02-784-3877 | I68: 031-378-2274 | J68: ams2273@daum.net | K68: eduhimang | L68: 100002218930792 | O68: https://www.youtube.com/watch?v=kugqQwtk4O4 | P68: http://www.osan21.or.kr/ | Q68: http://blog.naver.com/ams0506 | T68: 9770372 | U68: 105 | V68: 201700068
B69: 69 | C69: 안호영 | D69: 국회의원 | E69: =groups!$B$3 -> 1 | F69: 전북 완주·진안·무주·장수 | H69: 02-784-9751 | L69: 100002155325703 | O69: https://www.youtube.com/watch?v=mYkwKcU24Cc | P69: http://blog.naver.com/lawanhoyoung | T69: 9771017 | U69: 2902 | V69: 201700069
B70: 71 | C70: 어기구 | D70: 국회의원 | E70: =groups!$B$3 -> 1 | F70: 충남 당진 | H70: 02-784-4360 | K70: kiyku6311 | L70: 100000624459233 | O70: https://www.youtube.com/watch?v=D04qBWXB1gg | P70: http://www.assembly.go.kr/assm/memPop/memPopup.do?dept_cd=9771010 | T70: 9771010 | U70: 2859 | V70: 201700071
B71: 72 | C71: 오영훈 | D71: 국회의원 | E71: =groups!$B$3 -> 1 | F71: 제주 제주 을 | H71: 02-784-5621 | K71: jejudongbak | L71: 100001714731308 | O71: https://www.youtube.com/watch?v=sUCHCfeWID0 | P71: http://blog.naver.com/younghun3706 | T71: 9771037 | U71: 2839 | V71: 201700072
B72: 73 | C72: 오제세 | D72: 국회의원 | E72: =groups!$B$3 -> 1 | F72: 충북 청주 서원 | H72: 02-788-2303 | I72: 043-285-0085 | K72: ojs0126 | L72: 100003016395666 | O72: https://www.youtube.com/watch?v=OqnrXKGZ4V8 | P72: http://www.ojs.or.kr/ | Q72: http://blog.naver.com/ojs0126 | T72: 9770380 | U72: 84 | V72: 201700073
B73: 74 | C73: 우상호 | D73: 국회의원 | E73: =groups!$B$3 -> 1 | F73: 서울 서대문 갑 | H73: 02-784-3071 | I73: 02-364-0386 | J73: wsh2016v@gmail.com | K73: woosangho2 | L73: 217438328355575 | O73: https://www.youtube.com/watch?v=A_QDYSGtyYQ | P73: http://www.woosangho.net/ | T73: 9770871 | U73: 2453 | V73: 201700074
B74: 75 | C74: 우원식 | D74: 국회의원 | E74: =groups!$B$3 -> 1 | F74: 서울 노원 을 | H74: 02-784-3601~3 | I74: 02-949-1501~2 | J74: reform1-1@hanmail.net | K74: wonsikw | L74: 100001625101299 | O74: https://www.youtube.com/watch?v=Iw94LCoKbiA | P74: http://우원식.kr | Q74: http://woowonshik.tistory.com/ | T74: 9770872 | U74: 85 | V74: 201700075
B75: 76 | C75: 원혜영 | D75: 국회의원 | E75: =groups!$B$3 -> 1 | F75: 경기 부천 오정 | H75: 02-784-3106 | I75: 032-672-3130 | J75: whywon21@daum.net | K75: wonhyeyoung | L75: 348646065161341 | O75: https://www.youtube.com/watch?v=OxFMNuqHIjE | P75: http://www.wonhyeyoung.or.kr/ | Q75: http://www.whywon.net/ | T75: 9770386 | U75: 89 | V75: 201700076
B76: 77 | C76: 위성곤 | D76: 국회의원 | E76: =groups!$B$3 -> 1 | F76: 제주 서귀포 | H76: 02-784-6450 | I76: 064-762-5413 | J76: wisg1128@hanmail.net | K76: wisg1128 | L76: 1523315184648746 | O76: https://www.youtube.com/watch?v=rDIm5xnWjHE | P76: http://wishjeju.kr/ | Q76: http://blog.naver.com/wishjeju | T76: 9771038 | U76: 2857 | V76: 201700077
B77: 78 | C77: 유동수 | D77: 국회의원 | E77: =groups!$B$3 -> 1 | F77: 인천 계양 갑 | H77: 02-784-3543 | J77: newds61@naver.com | K77: newds61 | L77: 100010670893976 | O77: https://www.youtube.com/watch?v=VgJNVpmB0v4 | P77: http://blog.naver.com/newds61 | T77: 9770966 | U77: 2881 | V77: 201700078
B78: 79 | C78: 유승희 | D78: 국회의원 | E78: =groups!$B$3 -> 1 | F78: 서울 성북 갑 | H78: 02-784-4091 | J78: 337ysh@naver.com | K78: 337ysh | L78: 100000950919643 | O78: https://www.youtube.com/watch?v=tR9JsJ4YTB0 | P78: http://blog.naver.com/337ysh | T78: 9770874 | U78: 91 | V78: 201700079
B79: 80 | C79: 유은혜 | D79: 국회의원 | E79: =groups!$B$3 -> 1 | F79: 경기 고양 병 | H79: 02-784-4291 | J79: way2yoo@naver.com | K79: way2yoo | L79: 100003887274220 | O79: https://www.youtube.com/watch?v=UymfWxTtjk4 | P79: http://way2yoo.com/ | Q79: http://blog.naver.com/way2yoo | T79: 9770807 | U79: 2676 | V79: 201700080
B80: 81 | C80: 윤관석 | D80: 국회의원 | E80: =groups!$B$3 -> 1 | F80: 인천 남동 을 | H80: 02-784-4380 | J80: winneryks@naver.com | K80: yks0817 | L80: 100000942952755 | O80: https://www.youtube.com/watch?v=SqG4tUvx-CE | P80: http://blog.naver.com/winneryks | T80: 9770808 | U80: 2481 | V80: 201700081
B81: 82 | C81: 윤호중 | D81: 국회의원 | E81: =groups!$B$3 -> 1 | F81: 경기 구리 | H81: 02-784-4961~3 | J81: hjyun327@gmail.com | K81: dpcorea | L81: 100001415684920 | O81: https://www.youtube.com/watch?v=UTccKAVYtpg | P81: http://blog.naver.com/hjyun327 | T81: 9770876 | U81: 57 | V81: 201700082
B82: 83 | C82: 윤후덕 | D82: 국회의원 | E82: =groups!$B$3 -> 1 | F82: 경기 파주 갑 | H82: 02-788-2587 | J82: yoons609@hanmail.net | K82: yoons609 | L82: 100000873312666 | O82: https://youtu.be/i8Em4SMQZBI | P82: http://pajulove.kr/ | T82: 9770813 | U82: 2573 | V82: 201700083
B83: 84 | C83: 이개호 | D83: 국회의원 | E83: =groups!$B$3 -> 1 | F83: 전남 담양·함평·영광·장성 | H83: 02-784-2165 | J83: 7880291@naver.com | L83: 100000903369327 | O83: https://www.youtube.com/watch?v=F09ejeTumXw | P83: http://blog.naver.com/lgh59623 | T83: 9770905 | U83: 1967 | V83: 201700084
B84: 85 | C84: 이상민 | D84: 국회의원 | E84: =groups!$B$3 -> 1 | F84: 대전 유성 을 | H84: 02-784-0924 | I84: 042-826-2277 | J84: smlee@assembly.go.kr | K84: esangmin | L84: 100001339863436 | O84: https://www.youtube.com/watch?v=DmCmkcCKsKo | P84: http://www.smlee.or.kr/ | T84: 9770414 | U84: 342 | V84: 201700085
B85: 86 | C85: 이석현 | D85: 국회의원 | E85: =groups!$B$3 -> 1 | F85: 경기 안양 동안 갑 | H85: 02-784-1631 | J85: esh337@hanmail.net | K85: lsh4u | L85: 100002898983959 | O85: https://www.youtube.com/results?search_query=%ED%9E%90%EB%9F%AC%EB%A6%AC%EC%87%BC | P85: http://blog.naver.com/lsh4yu | T85: 9770416 | U85: 281 | V85: 201700086
B86: 87 | C86: 이용득 | D86: 국회의원 | E86: =groups!$B$3 -> 1 | F86: 비례대표 | H86: 02-784-1730 | J86: ydlee429@gmail.com | K86: ydlee03 | L86: 100000942312178 | O86: https://www.youtube.com/watch?v=9K4DvUFOI3U | P86: http://blog.naver.com/leeyd1604 | T86: 9771067 | U86: 2921 | V86: 201700088
B87: 88 | C87: 이원욱 | D87: 국회의원 | E87: =groups!$B$3 -> 1 | F87: 경기 화성 을 | H87: 02-784-6471 | I87: 031-225-0114 | J87: ewon33@gmail.com | K87: ewon33 | L87: 149634385124961 | O87: https://www.youtube.com/watch?v=JQ6FdpCKNq8 | P87: http://blog.naver.com/ewon33 | T87: 9770826 | U87: 2522 | V87: 201700089
B88: 89 | C88: 이인영 | D88: 국회의원 | E88: =groups!$B$3 -> 1 | F88: 서울 구로 갑 | H88: 02-784-6811~3 | I88: 02-2683-7220 | J88: liy1964@empal.com | K88: lee_inyoung | L88: 100001423007963 | O88: https://www.youtube.com/watch?v=FKbTMesngJ8 | P88: http://inyoung.net/ | Q88: http://blog.naver.com/liy1964 | T88: 9770878 | U88: 47 | V88: 201700090
B89: 90 | C89: 이재정 | D89: 국회의원 | E89: =groups!$B$3 -> 1 | F89: 비례대표 | H89: 02-788-2619 | J89: leejjlaw@gmail.com | K89: lovelylawyerjj | L89: 293521760983816 | O89: https://www.youtube.com/watch?v=XZTiCV0Bh2Y | P89: http://blog.naver.com/leejjlaw | T89: 9771060 | U89: 2847 | V89: 201700091
B90: 91 | C90: 이종걸 | D90: 국회의원 | E90: =groups!$B$3 -> 1 | F90: 경기 안양 만안 | H90: 02-788-2694 | I90: 031-449-7006 | J90: anyang21@hanmail.net | K90: leejongkul | L90: 100001030592793 | O90: https://www.youtube.com/watch?v=iRwT2V2o1Qo | P90: http://www.ljk.co.kr | Q90: http://blog.naver.com/leejongkul | T90: 9770194 | U90: 247 | V90: 201700092
B91: 92 | C91: 이철희 | D91: 국회의원 | E91: =groups!$B$3 -> 1 | F91: 비례대표 | H91: 02-784-5080 | O91: https://www.youtube.com/watch?v=W-L663ItJGE | P91: http://blog.naver.com/assembly923 | T91: 9771063 | U91: 2923 | V91: 201700093
B92: 93 | C92: 이춘석 | D92: 국회의원 | E92: =groups!$B$3 -> 1 | F92: 전북 익산 갑 | H92: 02-784-3285 | I92: 063-851-8888 | J92: csa2418@naver.com | K92: lcs1747 | L92: 709256449122490 | O92: https://www.youtube.com/watch?v=HeM80ULwP-E | P92: http://www.ebyon.com/ | Q92: http://lcs1747.tistory.com/ | T92: 9770623 | U92: 2731 | V92: 201700094
B93: 94 | C93: 이학영 | D93: 국회의원 | E93: =groups!$B$3 -> 1 | F93: 경기 군포 을 | H93: 02-784-8051 | I93: 031-399-2207 | J93: youngcamp1@gmail.com | K93: hackyoung1 | L93: 1261089967 | O93: https://www.youtube.com/watch?v=nE3toAL2XRE | P93: http://www.ofthepeople.kr/ | T93: 9770836 | U93: 2683 | V93: 201700095
B94: 95 | C94: 이해찬 | D94: 국회의원 | E94: =groups!$B$3 -> 1 | F94: 세종 | H94: 02-784-7901 | I94: 044-868-2013 | J94: lhc21net@gmail.com | K94: lhc21net | L94: 350524421656354 | O94: https://www.youtube.com/watch?v=sv0NlI-lHGY | P94: http://www.hopechan.kr/ | Q94: http://blog.naver.com/lhc21net | T94: 9770879 | U94: 746 | V94: 201700096
B95: 96 | C95: 이훈 | D95: 국회의원 | E95: =groups!$B$3 -> 1 | F95: 서울 금천 | H95: 02-784-8430 | J95: 7848431@gmail.com | K95: hooney4us | L95: 100000961863326 | O95: https://www.youtube.com/watch?v=1oBEYwlVO-s | P95: http://blog.naver.com/woogyoo | T95: 9770939 | U95: 2932 | V95: 201700097
B96: 97 | C96: 인재근 | D96: 국회의원 | E96: =groups!$B$3 -> 1 | F96: 서울 도봉 갑 | H96: 02-784-8091 | I96: 02-999-9373 | J96: ijgalso@daum.net | K96: JGT_forever | L96: 389886164371093 | O96: https://www.youtube.com/watch?v=WQhqQsuXQE8 | P96: http://ijk.or.kr | T96: 9770839 | U96: 2609 | V96: 201700098
B97: 98 | C97: 임종성 | D97: 국회의원 | E97: =groups!$B$3 -> 1 | F97: 경기 광주 을 | H97: 02-784-8380 | I97: 031-798-2020 | J97: 5321tempia@hanmail.net | K97: 5321tempia | L97: 100000946095593 | O97: https://www.youtube.com/watch?v=oDucOW9oMsI | P97: http://blog.naver.com/ijs5321 | T97: 9771000 | U97: 2856 | V97: 201700099
B98: 99 | C98: 전재수 | D98: 국회의원 | E98: =groups!$B$3 -> 1 | F98: 부산 북구·강서 갑 | H98: 02-784-7431 | K98: gazefor | L98: 100002324624232 | O98: https://www.youtube.com/watch?v=3QD4-E8NsUU | P98: http://blog.naver.com/jsstory7 | T98: 9770951 | U98: 2848 | V98: 201700100
B99: 100 | C99: 전해철 | D99: 국회의원 | E99: =groups!$B$3 -> 1 | F99: 경기 안산 상록 갑 | H99: 02-784-8901 | I99: 031-417-6700 | J99: sangrokgab@naver.com | K99: haec_j | L99: 100000996717610 | O99: https://www.youtube.com/watch?v=eiOqzL_7tiA | P99: http://blog.naver.com/jhc05 | T99: 9770846 | U99: 2613 | V99: 201700101
B100: 101 | C100: 전현희 | D100: 국회의원 | E100: =groups!$B$3 -> 1 | F100: 서울 강남 을 | H100: 02-784-6950 | I100: 02-563-5090~1 | J100: elysiaj315@gmail.com | K100: hyunheejeon | L100: 100001700704825 | O100: https://www.youtube.com/watch?v=wKau9F6ZnfQ&t=961s | P100: http://hyunheui.co.kr/ | Q100: http://blog.naver.com/elysiaj2016 | T100: 9770946 | U100: 2665 | V100: 201700102
B101: 102 | C101: 전혜숙 | D101: 국회의원 | E101: =groups!$B$3 -> 1 | F101: 서울 광진 갑 | H101: 02-784-8340 | L101: 100003140590637 | O101: https://www.youtube.com/watch?v=E_i69CPCIyg | P101: http://blog.naver.com/jhsook7612 | T101: 9770926 | U101: 2690 | V101: 201700103
...

Sheet events
B2: no | C2: name | D2: sheet | E2: detail
B3: 1 | C3: 상임위원회 | D3: normalgroups
B4: 2 | C4: 특별위원회 | D4: specialgroups
B5: 3 | C5: 특별법안 | D5: speciallaws
B6: 4 | C6: 개정법률안 | D6: modifiedlaws

Sheet modifiedlaws
B2: no | C2: title | D2: memberid | E2: member_sheet | F2: opinion | G2: detail | H2: web
B3: 400 | C3: 소득세법 개정안 발의(종교인 과세 2년 유예) | D3: =congressman!B26 -> 25 | E3: congressman | H3: http://likms.assembly.go.kr/bill/billDetail.do?billId=PRC_A1X7Z0Z8V0D9L1K1R0T0Z2S7A1H3C5
B4: 400 | D4: =congressman!#REF! -> #REF! | E4: congressman
B5: 400 | D5: =congressman!B127 -> 129 | E5: congressman
B6: 400 | D6: =congressman!B135 -> 137 | E6: congressman
B7: 400 | D7: =congressman!B136 -> 138 | E7: congressman
B8: 400 | D8: =congressman!B137 -> 139 | E8: congressman
B9: 400 | D9: =congressman!B21 -> 20 | E9: congressman
B10: 400 | D10: =congressman!B27 -> 26 | E10: congressman
B11: 400 | D11: =congressman!B150 -> 152 | E11: congressman
B12: 400 | D12: =congressman!B157 -> 159 | E12: congressman
B13: 400 | D13: =congressman!B235 -> 240 | E13: congressman
B14: 400 | D14: =congressman!#REF! -> #REF! | E14: congressman
B15: 400 | D15: =congressman!B51 -> 51 | E15: congressman
B16: 400 | D16: =congressman!B59 -> 59 | E16: congressman
B17: 400 | D17: =congressman!B170 -> 174 | E17: congressman
B18: 400 | D18: =congressman!B179 -> 183 | E18: congressman
B19: 400 | D19: =congressman!B83 -> 84 | E19: congressman
B20: 400 | D20: =congressman!B243 -> 250 | E20: congressman
B21: 400 | D21: =congressman!B189 -> 193 | E21: congressman
B22: 400 | D22: =congressman!B193 -> 197 | E22: congressman
B23: 400 | D23: =congressman!B197 -> 201 | E23: congressman
B24: 400 | D24: =congressman!B199 -> 204 | E24: congressman
B25: 400 | D25: =congressman!B272 -> 280 | E25: congressman
B26: 400 | D26: =congressman!B203 -> 208 | E26: congressman
B27: 400 | D27: =congressman!B254 -> 261 | E27: congressman
B28: 400 | D28: =congressman!B221 -> 226 | E28: congressman
B29: 401 | C29: 군인사법 개정안 발의(박찬주 방지법) | D29: =congressman!B15 -> 14 | E29: congressman | H29: http://likms.assembly.go.kr/bill/billDetail.do?billId=PRC_R1V7Y0X8B1F0H1Q7I1K6P0E8F7K4S7
B30: 401 | D30: =congressman!B31 -> 30 | E30: congressman
B31: 401 | D31: =congressman!B64 -> 64 | E31: congressman
B32: 401 | D32: =congressman!#REF! -> #REF! | E32: congressman
B33: 401 | D33: =congressman!B70 -> 71 | E33: congressman
B34: 401 | D34: =congressman!B73 -> 74 | E34: congressman
B35: 401 | D35: =congressman!B81 -> 82 | E35: congressman
B36: 401 | D36: =congressman!B83 -> 84 | E36: congressman
B37: 401 | D37: =congressman!B91 -> 92 | E37: congressman
B38: 401 | D38: =congressman!B115 -> 116 | E38: congressman

Sheet speciallaws
B2: no | C2: title | D2: memberid | E2: member_sheet | F2: opinion | G2: detail | H2: web
B3: 300 | C3: 최순실 재산몰수 특별법 발의 | D3: =congressman!B68 -> 68 | E3: congressman | H3: http://likms.assembly.go.kr/bill/billDetail.do?billId=PRC_W1L7Z0D7Z2V7L1C1I2N3M0W7C0A3E4
B4: 300 | D4: =congressman!B3 -> 1 | E4: congressman
B5: 300 | D5: =congressman!B5 -> 3 | E5: congressman
B6: 300 | D6: =congressman!B6 -> 4 | E6: congressman
B7: 300 | D7: =congressman!B7 -> 5 | E7: congressman
B8: 300 | D8: =congressman!B8 -> 6 | E8: congressman
B9: 300 | D9: =congressman!B10 -> 8 | E9: congressman
B10: 300 | D10: =congressman!#REF! -> #REF! | E10: congressman
B11: 300 | D11: =congressman!B225 -> 230 | E11: congressman
B12: 300 | D12: =congressman!B11 -> 10 | E12: congressman
B13: 300 | D13: =congressman!B226 -> 231 | E13: congressman
B14: 300 | D14: =congressman!B227 -> 232 | E14: congressman
B15: 300 | D15: =congressman!B12 -> 11 | E15: congressman
B16: 300 | D16: =congressman!B13 -> 12 | E16: congressman
B17: 300 | D17: =congressman!B14 -> 13 | E17: congressman
B18: 300 | D18: =congressman!B15 -> 14 | E18: congressman
B19: 300 | D19: =congressman!B16 -> 15 | E19: congressman
B20: 300 | D20: =congressman!B18 -> 17 | E20: congressman
B21: 300 | D21: =congressman!B19 -> 18 | E21: congressman
B22: 300 | D22: =congressman!B138 -> 140 | E22: congressman
B23: 300 | D23: =congressman!B231 -> 236 | E23: congressman
B24: 300 | D24: =congressman!B20 -> 19 | E24: congressman
B25: 300 | D25: =congressman!B21 -> 20 | E25: congressman
B26: 300 | D26: =congressman!B23 -> 22 | E26: congressman
B27: 300 | D27: =congressman!B24 -> 23 | E27: congressman
B28: 300 | D28: =congressman!B281 -> 289 | E28: congressman
B29: 300 | D29: =congressman!B25 -> 24 | E29: congressman
B30: 300 | D30: =congressman!B288 -> 296 | E30: congressman
B31: 300 | D31: =congressman!B27 -> 26 | E31: congressman
B32: 300 | D32: =congressman!B28 -> 27 | E32: congressman
B33: 300 | D33: =congressman!B29 -> 28 | E33: congressman
B34: 300 | D34: =congressman!B30 -> 29 | E34: congressman
B35: 300 | D35: =congressman!B31 -> 30 | E35: congressman
B36: 300 | D36: =congressman!B33 -> 32 | E36: congressman
B37: 300 | D37: =congressman!B34 -> 33 | E37: congressman
B38: 300 | D38: =congressman!B282 -> 290 | E38: congressman
B39: 300 | D39: =congressman!B37 -> 36 | E39: congressman
B40: 300 | D40: =congressman!B38 -> 37 | E40: congressman
B41: 300 | D41: =congressman!B39 -> 38 | E41: congressman
B42: 300 | D42: =congressman!B40 -> 39 | E42: congressman
B43: 300 | D43: =congressman!B41 -> 40 | E43: congressman
B44: 300 | D44: =congressman!#REF! -> #REF! | E44: congressman
B45: 300 | D45: =congressman!B42 -> 42 | E45: congressman
B46: 300 | D46: =congressman!B234 -> 239 | E46: congressman
B47: 300 | D47: =congressman!B44 -> 44 | E47: congressman
B48: 300 | D48: =congressman!B45 -> 45 | E48: congressman
B49: 300 | D49: =congressman!B46 -> 46 | E49: congressman
B50: 300 | D50: =congressman!B47 -> 47 | E50: congressman
B51: 300 | D51: =congressman!B48 -> 48 | E51: congressman
B52: 300 | D52: =congressman!B49 -> 49 | E52: congressman
B53: 300 | D53: =congressman!B236 -> 241 | E53: congressman
B54: 300 | D54: =congressman!#REF! -> #REF! | E54: congressman
B55: 300 | D55: =congressman!B237 -> 243 | E55: congressman
B56: 300 | D56: =congressman!B50 -> 50 | E56: congressman
B57: 300 | D57: =congressman!B51 -> 51 | E57: congressman
B58: 300 | D58: =congressman!B52 -> 52 | E58: congressman
B59: 300 | D59: =congressman!B53 -> 53 | E59: congressman
B60: 300 | D60: =congressman!B54 -> 54 | E60: congressman
B61: 300 | D61: =congressman!B289 -> 297 | E61: congressman
B62: 300 | D62: =congressman!B56 -> 56 | E62: congressman
B63: 300 | D63: =congressman!B57 -> 57 | E63: congressman
B64: 300 | D64: =congressman!B58 -> 58 | E64: congressman
B65: 300 | D65: =congressman!B59 -> 59 | E65: congressman
B66: 300 | D66: =congressman!B60 -> 60 | E66: congressman
B67: 300 | D67: =congressman!B61 -> 61 | E67: congressman
B68: 300 | D68: =congressman!B62 -> 62 | E68: congressman
B69: 300 | D69: =congressman!B63 -> 63 | E69: congressman
B70: 300 | D70: =congressman!B64 -> 64 | E70: congressman
B71: 300 | D71: =congressman!B65 -> 65 | E71: congressman
B72: 300 | D72: =congressman!B66 -> 66 | E72: congressman
B73: 300 | D73: =congressman!B67 -> 67 | E73: congressman
B74: 300 | D74: =congressman!B69 -> 69 | E74: congressman
B75: 300 | D75: =congressman!#REF! -> #REF! | E75: congressman
B76: 300 | D76: =congressman!B70 -> 71 | E76: congressman
B77: 300 | D77: =congressman!B71 -> 72 | E77: congressman
B78: 300 | D78: =congressman!B75 -> 76 | E78: congressman
B79: 300 | D79: =congressman!B76 -> 77 | E79: congressman
B80: 300 | D80: =congressman!B241 -> 248 | E80: congressman
B81: 300 | D81: =congressman!B78 -> 79 | E81: congressman
B82: 300 | D82: =congressman!B79 -> 80 | E82: congressman
B83: 300 | D83: =congressman!B80 -> 81 | E83: congressman
B84: 300 | D84: =congressman!B284 -> 292 | E84: congressman
B85: 300 | D85: =congressman!B242 -> 249 | E85: congressman
B86: 300 | D86: =congressman!#REF! -> #REF! | E86: congressman
B87: 300 | D87: =congressman!B81 -> 82 | E87: congressman
B88: 300 | D88: =congressman!B82 -> 83 | E88: congressman
B89: 300 | D89: =congressman!B83 -> 84 | E89: congressman
B90: 300 | D90: =congressman!B243 -> 250 | E90: congressman
B91: 300 | D91: =congressman!B84 -> 85 | E91: congressman
B92: 300 | D92: =congressman!B85 -> 86 | E92: congressman
B93: 300 | D93: =congressman!B36 -> 35 | E93: congressman
B94: 300 | D94: =congressman!B86 -> 87 | E94: congressman
B95: 300 | D95: =congressman!B246 -> 253 | E95: congressman
B96: 300 | D96: =congressman!B247 -> 254 | E96: congressman
B97: 300 | D97: =congressman!B87 -> 88 | E97: congressman
B98: 300 | D98: =congressman!B88 -> 89 | E98: congressman
B99: 300 | D99: =congressman!B89 -> 90 | E99: congressman
B100: 300 | D100: =congressman!B285 -> 293 | E100: congressman
B101: 300 | D101: =congressman!B90 -> 91 | E101: congressman
...

Sheet normalgroups
B2: no | C2: title | D2: memberid | E2: member_sheet | F2: opinion | G2: detail | H2: web | I2: name
B3: 1 | C3: 환경노동위원회 | D3: 118 | E3: congressman | H3: http://environment.na.go.kr | I3: =VLOOKUP(D3,congressman!$B$3:$C$290,2) -> 홍영표
B4: 1 | D4: =congressman!B116 -> 117 | E4: congressman | I4: =VLOOKUP(D4,congressman!$B$3:$C$290,2) -> 한정애
B5: 1 | D5: =congressman!B201 -> 206 | E5: congressman | I5: =VLOOKUP(D5,congressman!$B$3:$C$290,2) -> 임이자
B6: 1 | D6: =congressman!B229 -> 234 | E6: congressman | I6: =VLOOKUP(D6,congressman!$B$3:$C$290,2) -> 김삼화
B7: 1 | D7: =congressman!B278 -> 286 | E7: congressman | I7: =VLOOKUP(D7,congressman!$B$3:$C$290,2) -> 하태경
B8: 1 | D8: 1 | E8: congressman | I8: =VLOOKUP(D8,congressman!$B$3:$C$290,2) -> 강병원
B9: 1 | D9: =congressman!B55 -> 55 | E9: congressman | I9: =VLOOKUP(D9,congressman!$B$3:$C$290,2) -> 서형수
B10: 1 | D10: =congressman!B61 -> 61 | E10: congressman | I10: =VLOOKUP(D10,congressman!$B$3:$C$290,2) -> 송옥주
B11: 1 | D11: =congressman!B64 -> 64 | E11: congressman | I11: =VLOOKUP(D11,congressman!$B$3:$C$290,2) -> 신창현
B12: 1 | D12: =congressman!B86 -> 87 | E12: congressman | I12: =VLOOKUP(D12,congressman!$B$3:$C$290,2) -> 이용득
B13: 1 | D13: =congressman!B153 -> 155 | E13: congressman | I13: =VLOOKUP(D13,congressman!$B$3:$C$290,2) -> 문진국
B14: 1 | D14: =congressman!#REF! -> #REF! | E14: congressman | I14: =VLOOKUP(D14,congressman!$B$3:$C$290,2) -> #REF!
B15: 1 | D15: =congressman!B167 -> 171 | E15: congressman | I15: =VLOOKUP(D15,congressman!$B$3:$C$290,2) -> 신보라
B16: 1 | D16: =congressman!B202 -> 207 | E16: congressman | I16: =VLOOKUP(D16,congressman!$B$3:$C$290,2) -> 장석춘
B17: 1 | D17: =congressman!B244 -> 251 | E17: congressman | I17: =VLOOKUP(D17,congressman!$B$3:$C$290,2) -> 이상돈
B18: 1 | D18: =congressman!B285 -> 293 | E18: congressman | I18: =VLOOKUP(D18,congressman!$B$3:$C$290,2) -> 이정미
B19: 2 | C19: 외교통일위원회 | D19: 66 | E19: congressman | H19: http://uft.na.go.kr | I19: =VLOOKUP(D19,congressman!$B$3:$C$290,2) -> 심재권
B20: 2 | D20: =congressman!B11 -> 10 | E20: congressman | I20: =VLOOKUP(D20,congressman!$B$3:$C$290,2) -> 김경협
B21: 2 | D21: =congressman!B180 -> 184 | E21: congressman | I21: =VLOOKUP(D21,congressman!$B$3:$C$290,2) -> 윤영석
B22: 2 | D22: =congressman!B249 -> 256 | E22: congressman | I22: =VLOOKUP(D22,congressman!$B$3:$C$290,2) -> 이태규
B23: 2 | D23: =congressman!B274 -> 282 | E23: congressman | I23: =VLOOKUP(D23,congressman!$B$3:$C$290,2) -> 정양석
B24: 2 | D24: 2 | E24: congressman | I24: =VLOOKUP(D24,congressman!$B$3:$C$290,2) -> 강창일
B25: 2 | D25: =congressman!B37 -> 36 | E25: congressman | I25: =VLOOKUP(D25,congressman!$B$3:$C$290,2) -> 문희상
B26: 2 | D26: =congressman!B43 -> 43 | E26: congressman | I26: =VLOOKUP(D26,congressman!$B$3:$C$290,2) -> 박병석
B27: 2 | D27: =congressman!B75 -> 76 | E27: congressman | I27: =VLOOKUP(D27,congressman!$B$3:$C$290,2) -> 원혜영
B28: 2 | D28: =congressman!B85 -> 86 | E28: congressman | I28: =VLOOKUP(D28,congressman!$B$3:$C$290,2) -> 이석현
B29: 2 | D29: =congressman!B36 -> 35 | E29: congressman | I29: =VLOOKUP(D29,congressman!$B$3:$C$290,2) -> 이수혁
B30: 2 | D30: =congressman!B88 -> 89 | E30: congressman | I30: =VLOOKUP(D30,congressman!$B$3:$C$290,2) -> 이인영
B31: 2 | D31: =congressman!B114 -> 115 | E31: congressman | I31: =VLOOKUP(D31,congressman!$B$3:$C$290,2) -> 추미애
B32: 2 | D32: =congressman!B163 -> 167 | E32: congressman | I32: =VLOOKUP(D32,congressman!$B$3:$C$290,2) -> 서청원
B33: 2 | D33: =congressman!B174 -> 178 | E33: congressman | I33: =VLOOKUP(D33,congressman!$B$3:$C$290,2) -> 원유철
B34: 2 | D34: =congressman!B175 -> 179 | E34: congressman | I34: =VLOOKUP(D34,congressman!$B$3:$C$290,2) -> 유기준
B35: 2 | D35: =congressman!B179 -> 183 | E35: congressman | I35: =VLOOKUP(D35,congressman!$B$3:$C$290,2) -> 윤상현
B36: 2 | D36: =congressman!B195 -> 199 | E36: congressman | I36: =VLOOKUP(D36,congressman!$B$3:$C$290,2) -> 이주영
B37: 2 | D37: =congressman!B215 -> 220 | E37: congressman | I37: =VLOOKUP(D37,congressman!$B$3:$C$290,2) -> 최경환
B38: 2 | D38: =congressman!B221 -> 226 | E38: congressman | I38: =VLOOKUP(D38,congressman!$B$3:$C$290,2) -> 홍문종
B39: 2 | D39: =congressman!B235 -> 240 | E39: congressman | I39: =VLOOKUP(D39,congressman!$B$3:$C$290,2) -> 박주선
B40: 2 | D40: =congressman!B262 -> 270 | E40: congressman | I40: =VLOOKUP(D40,congressman!$B$3:$C$290,2) -> 김무성
B41: 3 | C41: 국회운영위원회 | D41: =congressman!B207 -> 212 | E41: congressman | H41: http://steering.na.go.kr/site | I41: =VLOOKUP(D41,congressman!$B$3:$C$290,2) -> 정우택
B42: 3 | D42: =congressman!B74 -> 75 | E42: congressman | I42: =VLOOKUP(D42,congressman!$B$3:$C$290,2) -> 우원식
B43: 3 | D43: =congressman!B51 -> 51 | E43: congressman | I43: =VLOOKUP(D43,congressman!$B$3:$C$290,2) -> 박홍근
B44: 3 | D44: =congressman!B5 -> 3 | E44: congressman | I44: =VLOOKUP(D44,congressman!$B$3:$C$290,2) -> 강훈식
B45: 3 | D45: =congressman!#REF! -> #REF! | E45: congressman | I45: =VLOOKUP(D45,congressman!$B$3:$C$290,2) -> #REF!
B46: 3 | D46: =congressman!B46 -> 46 | E46: congressman | I46: =VLOOKUP(D46,congressman!$B$3:$C$290,2) -> 박용진
B47: 3 | D47: =congressman!B61 -> 61 | E47: congressman | I47: =VLOOKUP(D47,congressman!$B$3:$C$290,2) -> 송옥주
B48: 3 | D48: =congressman!B76 -> 77 | E48: congressman | I48: =VLOOKUP(D48,congressman!$B$3:$C$290,2) -> 위성곤
B49: 3 | D49: =congressman!B95 -> 96 | E49: congressman | I49: =VLOOKUP(D49,congressman!$B$3:$C$290,2) -> 이훈
B50: 3 | D50: =congressman!B106 -> 107 | E50: congressman | I50: =VLOOKUP(D50,congressman!$B$3:$C$290,2) -> 제윤경
B51: 3 | D51: =congressman!B107 -> 108 | E51: congressman | I51: =VLOOKUP(D51,congressman!$B$3:$C$290,2) -> 조승래
B52: 3 | D52: =congressman!B108 -> 109 | E52: congressman | I52: =VLOOKUP(D52,congressman!$B$3:$C$290,2) -> 조응천
B53: 3 | D53: =congressman!B135 -> 137 | E53: congressman | I53: =VLOOKUP(D53,congressman!$B$3:$C$290,2) -> 김선동
B54: 3 | D54: =congressman!B144 -> 146 | E54: congressman | I54: =VLOOKUP(D54,congressman!$B$3:$C$290,2) -> 김정재
B55: 3 | D55: =congressman!B154 -> 156 | E55: congressman | I55: =VLOOKUP(D55,congressman!$B$3:$C$290,2) -> 민경욱
B56: 3 | D56: =congressman!#REF! -> #REF! | E56: congressman | I56: =VLOOKUP(D56,congressman!$B$3:$C$290,2) -> #REF!
B57: 3 | D57: =congressman!B165 -> 169 | E57: congressman | I57: =VLOOKUP(D57,congressman!$B$3:$C$290,2) -> 송석준
B58: 3 | D58: =congressman!B171 -> 175 | E58: congressman | I58: =VLOOKUP(D58,congressman!$B$3:$C$290,2) -> 엄용수
B59: 3 | D59: =congressman!B190 -> 194 | E59: congressman | I59: =VLOOKUP(D59,congressman!$B$3:$C$290,2) -> 이은권
B60: 3 | D60: =congressman!B206 -> 211 | E60: congressman | I60: =VLOOKUP(D60,congressman!$B$3:$C$290,2) -> 정용기
B61: 3 | D61: =congressman!B228 -> 233 | E61: congressman | I61: =VLOOKUP(D61,congressman!$B$3:$C$290,2) -> 김동철
B62: 3 | D62: =congressman!B224 -> 229 | E62: congressman | I62: =VLOOKUP(D62,congressman!$B$3:$C$290,2) -> 권은희
B63: 3 | D63: =congressman!B258 -> 265 | E63: congressman | I63: =VLOOKUP(D63,congressman!$B$3:$C$290,2) -> 최경환
B64: 3 | D64: =congressman!#REF! -> #REF! | E64: congressman | I64: =VLOOKUP(D64,congressman!$B$3:$C$290,2) -> #REF!
B65: 3 | D65: =congressman!B276 -> 284 | E65: congressman | I65: =VLOOKUP(D65,congressman!$B$3:$C$290,2) -> 주호영
B66: 3 | D66: =congressman!B274 -> 282 | E66: congressman | I66: =VLOOKUP(D66,congressman!$B$3:$C$290,2) -> 정양석
B67: 3 | D67: =congressman!B282 -> 290 | E67: congressman | I67: =VLOOKUP(D67,congressman!$B$3:$C$290,2) -> 노회찬
B68: 4 | C68: 국토교통위원회 | D68: 110 | E68: congressman | H68: http://ltc.na.go.kr | I68: =VLOOKUP(D68,congressman!$B$3:$C$290,2) -> 조정식
B69: 4 | D69: =congressman!B39 -> 38 | E69: congressman | I69: =VLOOKUP(D69,congressman!$B$3:$C$290,2) -> 민홍철
B70: 4 | D70: =congressman!B189 -> 193 | E70: congressman | I70: =VLOOKUP(D70,congressman!$B$3:$C$290,2) -> 이우현
B71: 4 | D71: =congressman!B242 -> 249 | E71: congressman | I71: =VLOOKUP(D71,congressman!$B$3:$C$290,2) -> 윤영일
B72: 4 | D72: =congressman!B271 -> 279 | E72: congressman | I72: =VLOOKUP(D72,congressman!$B$3:$C$290,2) -> 이학재
B73: 4 | D73: 3 | E73: congressman | I73: =VLOOKUP(D73,congressman!$B$3:$C$290,2) -> 강훈식
B74: 4 | D74: =congressman!B67 -> 67 | E74: congressman | I74: =VLOOKUP(D74,congressman!$B$3:$C$290,2) -> 안규백
B75: 4 | D75: =congressman!B69 -> 69 | E75: congressman | I75: =VLOOKUP(D75,congressman!$B$3:$C$290,2) -> 안호영
B76: 4 | D76: =congressman!B80 -> 81 | E76: congressman | I76: =VLOOKUP(D76,congressman!$B$3:$C$290,2) -> 윤관석
B77: 4 | D77: =congressman!B82 -> 83 | E77: congressman | I77: =VLOOKUP(D77,congressman!$B$3:$C$290,2) -> 윤후덕
B78: 4 | D78: =congressman!B87 -> 88 | E78: congressman | I78: =VLOOKUP(D78,congressman!$B$3:$C$290,2) -> 이원욱
B79: 4 | D79: =congressman!B94 -> 95 | E79: congressman | I79: =VLOOKUP(D79,congressman!$B$3:$C$290,2) -> 이해찬
B80: 4 | D80: =congressman!B97 -> 98 | E80: congressman | I80: =VLOOKUP(D80,congressman!$B$3:$C$290,2) -> 임종성
B81: 4 | D81: =congressman!B100 -> 101 | E81: congressman | I81: =VLOOKUP(D81,congressman!$B$3:$C$290,2) -> 전현희
B82: 4 | D82: =congressman!B113 -> 114 | E82: congressman | I82: =VLOOKUP(D82,congressman!$B$3:$C$290,2) -> 최인호
B83: 4 | D83: =congressman!B120 -> 121 | E83: congressman | I83: =VLOOKUP(D83,congressman!$B$3:$C$290,2) -> 황희
B84: 4 | D84: =congressman!B138 -> 140 | E84: congressman | I84: =VLOOKUP(D84,congressman!$B$3:$C$290,2) -> 김성태
B85: 4 | D85: =congressman!B143 -> 145 | E85: congressman | I85: =VLOOKUP(D85,congressman!$B$3:$C$290,2) -> 김재원
B86: 4 | D86: =congressman!B151 -> 153 | E86: congressman | I86: =VLOOKUP(D86,congressman!$B$3:$C$290,2) -> 김현아
B87: 4 | D87: =congressman!B156 -> 158 | E87: congressman | I87: =VLOOKUP(D87,congressman!$B$3:$C$290,2) -> 박덕흠
B88: 4 | D88: =congressman!B157 -> 159 | E88: congressman | I88: =VLOOKUP(D88,congressman!$B$3:$C$290,2) -> 박맹우
B89: 4 | D89: =congressman!B161 -> 163 | E89: congressman | I89: =VLOOKUP(D89,congressman!$B$3:$C$290,2) -> 박완수
B90: 4 | D90: =congressman!#REF! -> #REF! | E90: congressman | I90: =VLOOKUP(D90,congressman!$B$3:$C$290,2) -> #REF!
B91: 4 | D91: =congressman!B206 -> 211 | E91: congressman | I91: =VLOOKUP(D91,congressman!$B$3:$C$290,2) -> 정용기
B92: 4 | D92: =congressman!B209 -> 214 | E92: congressman | I92: =VLOOKUP(D92,congressman!$B$3:$C$290,2) -> 정종섭
B93: 4 | D93: =congressman!B220 -> 225 | E93: congressman | I93: =VLOOKUP(D93,congressman!$B$3:$C$290,2) -> 함진규
B94: 4 | D94: =congressman!B252 -> 259 | E94: congressman | I94: =VLOOKUP(D94,congressman!$B$3:$C$290,2) -> 정동영
B95: 4 | D95: =congressman!B255 -> 262 | E95: congressman | I95: =VLOOKUP(D95,congressman!$B$3:$C$290,2) -> 주승용
B96: 4 | D96: =congressman!B258 -> 265 | E96: congressman | I96: =VLOOKUP(D96,congressman!$B$3:$C$290,2) -> 최경환
B97: 4 | D97: =congressman!B276 -> 284 | E97: congressman | I97: =VLOOKUP(D97,congressman!$B$3:$C$290,2) -> 주호영
B98: 5 | C98: 과학기술정보방송통신위원회 | D98: =congressman!B168 -> 172 | E98: congressman | H98: http://future.na.go.kr/site;jsessionid=KJv8staztRTZdq6UuQpfN7ez2hlL6d4MINCwFraFgGia9rcl9K26QhenEmL8BSBS.expacific_servlet_committee2011 | I98: =VLOOKUP(D98,congressman!$B$3:$C$290,2) -> 신상진
B99: 5 | D99: =congressman!B62 -> 62 | E99: congressman | I99: =VLOOKUP(D99,congressman!$B$3:$C$290,2) -> 신경민
B100: 5 | D100: =congressman!B155 -> 157 | E100: congressman | I100: =VLOOKUP(D100,congressman!$B$3:$C$290,2) -> 박대출
B101: 5 | D101: =congressman!B225 -> 230 | E101: congressman | I101: =VLOOKUP(D101,congressman!$B$3:$C$290,2) -> 김경진
...

Sheet specialgroups
B2: no | C2: title | D2: memberid | E2: member_sheet | F2: opinion | G2: detail | H2: web
B3: 102 | C3: 헌법개정 특별위원회 | D3: =congressman!B4 -> 2 | E3: congressman
B4: 102 | D4: =congressman!B7 -> 5 | E4: congressman
B5: 102 | D5: =congressman!B11 -> 10 | E5: congressman
B6: 102 | D6: =congressman!B25 -> 24 | E6: congressman
B7: 102 | D7: =congressman!B43 -> 43 | E7: congressman
B8: 102 | D8: =congressman!B52 -> 52 | E8: congressman
B9: 102 | D9: =congressman!B54 -> 54 | E9: congressman
B10: 102 | D10: =congressman!B84 -> 85 | E10: congressman
B11: 102 | D11: =congressman!B88 -> 89 | E11: congressman
B12: 102 | D12: =congressman!B89 -> 90 | E12: congressman
B13: 102 | D13: =congressman!B90 -> 91 | E13: congressman
B14: 102 | D14: =congressman!B99 -> 100 | E14: congressman
B15: 102 | D15: =congressman!B100 -> 101 | E15: congressman
B16: 102 | D16: =congressman!B110 -> 111 | E16: congressman
B17: 102 | D17: =congressman!B113 -> 114 | E17: congressman
B18: 102 | D18: =congressman!B123 -> 124 | E18: congressman
B19: 102 | D19: =congressman!B139 -> 141 | E19: congressman
B20: 102 | D20: =congressman!B145 -> 147 | E20: congressman
B21: 102 | D21: =congressman!B164 -> 168 | E21: congressman
B22: 102 | D22: =congressman!B181 -> 185 | E22: congressman
B23: 102 | D23: =congressman!B194 -> 198 | E23: congressman
B24: 102 | D24: =congressman!B195 -> 199 | E24: congressman
B25: 102 | D25: =congressman!B197 -> 201 | E25: congressman
B26: 102 | D26: =congressman!#REF! -> #REF! | E26: congressman
B27: 102 | D27: =congressman!B206 -> 211 | E27: congressman
B28: 102 | D28: =congressman!B216 -> 221 | E28: congressman
B29: 102 | D29: =congressman!B223 -> 228 | E29: congressman
B30: 102 | D30: =congressman!B226 -> 231 | E30: congressman
B31: 102 | D31: =congressman!#REF! -> #REF! | E31: congressman
B32: 102 | D32: =congressman!B244 -> 251 | E32: congressman
B33: 102 | D33: =congressman!B257 -> 264 | E33: congressman
B34: 102 | D34: =congressman!B270 -> 278 | E34: congressman
B35: 102 | D35: =congressman!B278 -> 286 | E35: congressman
B36: 102 | D36: =congressman!B282 -> 290 | E36: congressman
B37: 103 | C37: 미래창조과학방송통신위원회 | D37: =congressman!B6 -> 4 | E37: congressman
B38: 103 | D38: =congressman!B19 -> 18 | E38: congressman
B39: 103 | D39: =congressman!B32 -> 31 | E39: congressman
B40: 103 | D40: =congressman!B51 -> 51 | E40: congressman
B41: 103 | D41: =congressman!B54 -> 54 | E41: congressman
B42: 103 | D42: =congressman!B62 -> 62 | E42: congressman
B43: 103 | D43: =congressman!B78 -> 79 | E43: congressman
B44: 103 | D44: =congressman!B84 -> 85 | E44: congressman
B45: 103 | D45: =congressman!B123 -> 124 | E45: congressman
B46: 103 | D46: =congressman!B139 -> 141 | E46: congressman
B47: 103 | D47: =congressman!B142 -> 144 | E47: congressman
B48: 103 | D48: =congressman!B144 -> 146 | E48: congressman
B49: 103 | D49: =congressman!B154 -> 156 | E49: congressman
B50: 103 | D50: =congressman!B155 -> 157 | E50: congressman
B51: 103 | D51: =congressman!B166 -> 170 | E51: congressman
B52: 103 | D52: =congressman!B190 -> 194 | E52: congressman
B53: 103 | D53: =congressman!B225 -> 230 | E53: congressman
B54: 103 | D54: =congressman!B239 -> 246 | E54: congressman
B55: 103 | D55: =congressman!B240 -> 247 | E55: congressman
B56: 103 | D56: =congressman!#REF! -> #REF! | E56: congressman
B57: 103 | D57: =congressman!B286 -> 294 | E57: congressman
B58: 103 | D58: =congressman!B287 -> 295 | E58: congressman
B59: 103 | D59: =congressman!#REF! -> #REF! | E59: congressman
B60: 104 | C60: 평창동계올림픽 및 국제경기대회지원 특별위원회 | D60: =congressman!B6 -> 4 | E60: congressman
B61: 104 | D61: =congressman!B38 -> 37 | E61: congressman
B62: 104 | D62: =congressman!B39 -> 38 | E62: congressman
B63: 104 | D63: =congressman!B59 -> 59 | E63: congressman
B64: 104 | D64: =congressman!B79 -> 80 | E64: congressman
B65: 104 | D65: =congressman!B127 -> 129 | E65: congressman
B66: 104 | D66: =congressman!B129 -> 131 | E66: congressman
B67: 104 | D67: =congressman!B130 -> 132 | E67: congressman
B68: 104 | D68: =congressman!B173 -> 177 | E68: congressman
B69: 104 | D69: =congressman!B191 -> 195 | E69: congressman
B70: 104 | D70: =congressman!B198 -> 202 | E70: congressman
B71: 104 | D71: =congressman!B199 -> 204 | E71: congressman
B72: 104 | D72: =congressman!B226 -> 231 | E72: congressman
B73: 104 | D73: =congressman!B243 -> 250 | E73: congressman
B74: 104 | D74: =congressman!B248 -> 255 | E74: congressman
B75: 104 | D75: =congressman!#REF! -> #REF! | E75: congressman
B76: 104 | D76: =congressman!B280 -> 288 | E76: congressman
B77: 105 | C77: 지방재정·분권 특별위원회 | D77: =congressman!B8 -> 6 | E77: congressman
B78: 105 | D78: =congressman!B26 -> 25 | E78: congressman
B79: 105 | D79: =congressman!B64 -> 64 | E79: congressman
B80: 105 | D80: =congressman!B76 -> 77 | E80: congressman
B81: 105 | D81: =congressman!B107 -> 108 | E81: congressman
B82: 105 | D82: =congressman!B125 -> 126 | E82: congressman
B83: 105 | D83: =congressman!B125 -> 126 | E83: congressman
B84: 105 | D84: =congressman!#REF! -> #REF! | E84: congressman
B85: 105 | D85: =congressman!B171 -> 175 | E85: congressman
B86: 105 | D86: =congressman!B176 -> 180 | E86: congressman
B87: 105 | D87: =congressman!B183 -> 187 | E87: congressman
B88: 105 | D88: =congressman!B246 -> 253 | E88: congressman
B89: 105 | D89: =congressman!B251 -> 258 | E89: congressman
B90: 105 | D90: =congressman!B279 -> 287 | E90: congressman
B91: 105 | D91: =congressman!B286 -> 294 | E91: congressman
B92: 106 | C92: 저출산·고령화대책 특별위원회 | D92: =congressman!B9 -> 7 | E92: congressman
B93: 106 | D93: =congressman!B50 -> 50 | E93: congressman
B94: 106 | D94: =congressman!B96 -> 97 | E94: congressman
B95: 106 | D95: =congressman!B110 -> 111 | E95: congressman
B96: 106 | D96: =congressman!B118 -> 119 | E96: congressman
B97: 106 | D97: =congressman!B149 -> 151 | E97: congressman
B98: 106 | D98: =congressman!B152 -> 154 | E98: congressman
B99: 106 | D99: =congressman!B159 -> 161 | E99: congressman
B100: 106 | D100: =congressman!B182 -> 186 | E100: congressman
B101: 106 | D101: =congressman!B186 -> 190 | E101: congressman
...

Sheet groups
B2: no | C2: title | D2: detail | E2: office | F2: email | G2: twitter | H2: facebook | I2: kakao | J2: instagram | K2: youtube | L2: web | M2: blog | N2: café | O2: cyworld | P2: sponsor
B3: 1 | C3: 더불어민주당 | E3: 1577-7667 | G3: TheMinjoo_Kr | H3: 163693313660505 | J3: theminjoo | K3: https://www.youtube.com/user/minjootv | L3: http://theminjoo.kr | M3: http://blog.naver.com/yesminjoo | P3: 1001
B4: 2 | C4: 자유한국당 | E4: 02-3786-3000 | G4: liberty_kr | H4: 295775117138819 | I4: libertykorea | J4: libertykorea | K4: https://www.youtube.com/c/%EC%9E%90%EC%9C%A0%ED%95%9C%EA%B5%AD%EB%8B%B9 | L4: http://www.libertykoreaparty.kr | M4: http://blog.libertykoreaparty.kr/ | P4: 1002
B5: 3 | C5: 바른미래당 | E5: 02-2070-5600 | G5: bareunmiraedang | H5: 1651975401769490 | J5: peopleparty21 | K5: https://www.youtube.com/channel/UCpnetwDnXC5eFlQhjmbv12g | L5: http://bareunmirae.kr/ | P5: 1003
B6: 4 | C6: 민주평화당 | G6: peacesns0206 | H6: 154484148538922 | K6: https://www.youtube.com/channel/UCYKkiLSC7roybcyd5eVPl9g | L6: http://peaceparty.co.kr/ | P6: 1004
B7: 5 | C7: 정의당 | E7: 02-2038-0103 | G7: kr_justice | H7: 512722405481009 | I7: jbhyendx | J7: justice_party | K7: https://www.youtube.com/channel/UC4KdOy46f0HCJBqTiq7MLPg | L7: http://www.justice21.org | M7: http://blog.naver.com/justiceparty | P7: 1005
B8: 6 | C8: 대한애국당 | H8: 1869948593320390 | J8: gkpp0815 | K8: https://www.youtube.com/channel/UC5Ys11G8I-ULCXm6cNowB1w | L8: http://kpparty.kr/ | N8: https://m.cafe.naver.com/kppmembers.cafe | P8: 1006
B9: 7 | C9: 민중당 | E9: 02-6933-0012 | F9: theminjungparty@gmail.com | H9: 1643827669215080 | I9: _nldxexl | J9: minjungparty | K9: https://www.youtube.com/channel/UCD2FurCIhOsG3FsTM1-jirA | L9: http://minjungparty.com/main/ | P9: 1007
B10: 8 | C10: 무소속 | P10: 9001
